economy,year,cp_index,s_fuel,s_metals,s_food,s_agri
NGA,1998,3.5662396241493717,0.9746037927286544,8.80460726202116e-05,0.0053208135798316816,0.003883691446219455
NGA,1999,3.767125160061437,0.9746037927286544,8.80460726202116e-05,0.0053208135798316816,0.003883691446219455
NGA,2000,4.228413537020265,0.9746037927286544,8.80460726202116e-05,0.0053208135798316816,0.003883691446219455
NGA,2001,4.1267950192052645,0.9746037927286544,8.80460726202116e-05,0.0053208135798316816,0.003883691446219455
NGA,2002,4.069127715456388,0.9746037927286544,8.80460726202116e-05,0.0053208135798316816,0.003883691446219455
NGA,2003,4.278689604795065,0.9746037927286544,8.80460726202116e-05,0.0053208135798316816,0.003883691446219455
NGA,2004,4.509909144004723,0.9746037927286544,8.80460726202116e-05,0.0053208135798316816,0.003883691446219455
NGA,2005,4.8256030465479505,0.9746037927286544,8.80460726202116e-05,0.0053208135798316816,0.003883691446219455
NGA,2006,4.9456691739517575,0.9746037927286544,8.80460726202116e-05,0.0053208135798316816,0.003883691446219455
NGA,2007,5.0366051773230325,0.9746037927286544,8.80460726202116e-05,0.0053208135798316816,0.003883691446219455
NGA,2008,5.354439908270541,0.9746037927286544,8.80460726202116e-05,0.0053208135798316816,0.003883691446219455
NGA,2009,4.877471865947944,0.9746037927286544,8.80460726202116e-05,0.0053208135798316816,0.003883691446219455
NGA,2010,5.09715960982782,0.9746037927286544,8.80460726202116e-05,0.0053208135798316816,0.003883691446219455
NGA,2011,5.352253498429291,0.9746037927286544,8.80460726202116e-05,0.0053208135798316816,0.003883691446219455
NGA,2012,5.336783038387016,0.9746037927286544,8.80460726202116e-05,0.0053208135798316816,0.003883691446219455
NGA,2013,5.326964912846101,0.9746037927286544,8.80460726202116e-05,0.0053208135798316816,0.003883691446219455
NGA,2014,5.266228425196209,0.9746037927286544,8.80460726202116e-05,0.0053208135798316816,0.003883691446219455
NGA,2015,4.700333262971181,0.9746037927286544,8.80460726202116e-05,0.0053208135798316816,0.003883691446219455
NGA,2016,4.5310101086962895,0.9746037927286544,8.80460726202116e-05,0.0053208135798316816,0.003883691446219455
NGA,2017,4.735564483988009,0.9746037927286544,8.80460726202116e-05,0.0053208135798316816,0.003883691446219455
NGA,2018,4.968172875118476,0.9746037927286544,8.80460726202116e-05,0.0053208135798316816,0.003883691446219455
NGA,2019,4.781392878007717,0.9746037927286544,8.80460726202116e-05,0.0053208135798316816,0.003883691446219455
NGA,2020,4.446631059193695,0.9746037927286544,8.80460726202116e-05,0.0053208135798316816,0.003883691446219455
NGA,2021,5.122330891445861,0.9746037927286544,8.80460726202116e-05,0.0053208135798316816,0.003883691446219455
NGA,2022,5.602959557708776,0.9746037927286544,8.80460726202116e-05,0.0053208135798316816,0.003883691446219455
NGA,2023,5.155816205001318,0.9746037927286544,8.80460726202116e-05,0.0053208135798316816,0.003883691446219455
SEN,1998,2.098831295206593,0.19650340803364297,0.09667708784265142,0.19364100160280256,0.05028597846940348
SEN,1999,2.114475180926199,0.19650340803364297,0.09667708784265142,0.19364100160280256,0.05028597846940348
SEN,2000,2.2238147150557106,0.19650340803364297,0.09667708784265142,0.19364100160280256,0.05028597846940348
SEN,2001,2.1866704642184978,0.19650340803364297,0.09667708784265142,0.19364100160280256,0.05028597846940348
SEN,2002,2.185236110112688,0.19650340803364297,0.09667708784265142,0.19364100160280256,0.05028597846940348
SEN,2003,2.266695330221228,0.19650340803364297,0.09667708784265142,0.19364100160280256,0.05028597846940348
SEN,2004,2.367282522320565,0.19650340803364297,0.09667708784265142,0.19364100160280256,0.05028597846940348
SEN,2005,2.4549982508197896,0.19650340803364297,0.09667708784265142,0.19364100160280256,0.05028597846940348
SEN,2006,2.544144153180231,0.19650340803364297,0.09667708784265142,0.19364100160280256,0.05028597846940348
SEN,2007,2.610571233092449,0.19650340803364297,0.09667708784265142,0.19364100160280256,0.05028597846940348
SEN,2008,2.698327680682725,0.19650340803364297,0.09667708784265142,0.19364100160280256,0.05028597846940348
SEN,2009,2.545355268308007,0.19650340803364297,0.09667708784265142,0.19364100160280256,0.05028597846940348
SEN,2010,2.669968823817612,0.19650340803364297,0.09667708784265142,0.19364100160280256,0.05028597846940348
SEN,2011,2.7770015208434757,0.19650340803364297,0.09667708784265142,0.19364100160280256,0.05028597846940348
SEN,2012,2.737094748867176,0.19650340803364297,0.09667708784265142,0.19364100160280256,0.05028597846940348
SEN,2013,2.728404168333563,0.19650340803364297,0.09667708784265142,0.19364100160280256,0.05028597846940348
SEN,2014,2.6966751556599133,0.19650340803364297,0.09667708784265142,0.19364100160280256,0.05028597846940348
SEN,2015,2.5101584200273415,0.19650340803364297,0.09667708784265142,0.19364100160280256,0.05028597846940348
SEN,2016,2.47347133490935,0.19650340803364297,0.09667708784265142,0.19364100160280256,0.05028597846940348
SEN,2017,2.543795022222682,0.19650340803364297,0.09667708784265142,0.19364100160280256,0.05028597846940348
SEN,2018,2.595514438626244,0.19650340803364297,0.09667708784265142,0.19364100160280256,0.05028597846940348
SEN,2019,2.5527838508541896,0.19650340803364297,0.09667708784265142,0.19364100160280256,0.05028597846940348
SEN,2020,2.4901644047061287,0.19650340803364297,0.09667708784265142,0.19364100160280256,0.05028597846940348
SEN,2021,2.7165781241101414,0.19650340803364297,0.09667708784265142,0.19364100160280256,0.05028597846940348
SEN,2022,2.8373018023568033,0.19650340803364297,0.09667708784265142,0.19364100160280256,0.05028597846940348
SEN,2023,2.722577859748652,0.19650340803364297,0.09667708784265142,0.19364100160280256,0.05028597846940348
GHA,1998,2.6580501507381307,0.038005455082210336,0.08786272110994639,0.43218825559387075,0.08842450582980345
GHA,1999,2.6093191944161367,0.038005455082210336,0.08786272110994639,0.43218825559387075,0.08842450582980345
GHA,2000,2.644389433345473,0.038005455082210336,0.08786272110994639,0.43218825559387075,0.08842450582980345
GHA,2001,2.623163902931552,0.038005455082210336,0.08786272110994639,0.43218825559387075,0.08842450582980345
GHA,2002,2.6445384889662336,0.038005455082210336,0.08786272110994639,0.43218825559387075,0.08842450582980345
GHA,2003,2.7171248868738243,0.038005455082210336,0.08786272110994639,0.43218825559387075,0.08842450582980345
GHA,2004,2.803048664660933,0.038005455082210336,0.08786272110994639,0.43218825559387075,0.08842450582980345
GHA,2005,2.8417475854663596,0.038005455082210336,0.08786272110994639,0.43218825559387075,0.08842450582980345
GHA,2006,2.9308897198289077,0.038005455082210336,0.08786272110994639,0.43218825559387075,0.08842450582980345
GHA,2007,3.013925819028401,0.038005455082210336,0.08786272110994639,0.43218825559387075,0.08842450582980345
GHA,2008,3.0919700334698605,0.038005455082210336,0.08786272110994639,0.43218825559387075,0.08842450582980345
GHA,2009,2.971311083542097,0.038005455082210336,0.08786272110994639,0.43218825559387075,0.08842450582980345
GHA,2010,3.0983665633572532,0.038005455082210336,0.08786272110994639,0.43218825559387075,0.08842450582980345
GHA,2011,3.2124878879147594,0.038005455082210336,0.08786272110994639,0.43218825559387075,0.08842450582980345
GHA,2012,3.1598889913731387,0.038005455082210336,0.08786272110994639,0.43218825559387075,0.08842450582980345
GHA,2013,3.150578579909065,0.038005455082210336,0.08786272110994639,0.43218825559387075,0.08842450582980345
GHA,2014,3.123066230259057,0.038005455082210336,0.08786272110994639,0.43218825559387075,0.08842450582980345
GHA,2015,2.9823987077288363,0.038005455082210336,0.08786272110994639,0.43218825559387075,0.08842450582980345
GHA,2016,2.977154739718052,0.038005455082210336,0.08786272110994639,0.43218825559387075,0.08842450582980345
GHA,2017,3.0233270522679114,0.038005455082210336,0.08786272110994639,0.43218825559387075,0.08842450582980345
GHA,2018,3.0344825192828075,0.038005455082210336,0.08786272110994639,0.43218825559387075,0.08842450582980345
GHA,2019,3.01220403629861,0.038005455082210336,0.08786272110994639,0.43218825559387075,0.08842450582980345
GHA,2020,3.0064858103454393,0.038005455082210336,0.08786272110994639,0.43218825559387075,0.08842450582980345
GHA,2021,3.18241297960579,0.038005455082210336,0.08786272110994639,0.43218825559387075,0.08842450582980345
GHA,2022,3.260754560247783,0.038005455082210336,0.08786272110994639,0.43218825559387075,0.08842450582980345
GHA,2023,3.1956619638220554,0.038005455082210336,0.08786272110994639,0.43218825559387075,0.08842450582980345
ZMB,1998,3.2527554992030527,0.019217559799528966,0.7324955794567465,0.06389648441623753,0.045414344452836916
ZMB,1999,3.2541124393871463,0.019217559799528966,0.7324955794567465,0.06389648441623753,0.045414344452836916
ZMB,2000,3.3722211940519085,0.019217559799528966,0.7324955794567465,0.06389648441623753,0.045414344452836916
ZMB,2001,3.2656284042212755,0.019217559799528966,0.7324955794567465,0.06389648441623753,0.045414344452836916
ZMB,2002,3.260908587334033,0.019217559799528966,0.7324955794567465,0.06389648441623753,0.045414344452836916
ZMB,2003,3.3924822635972873,0.019217559799528966,0.7324955794567465,0.06389648441623753,0.045414344452836916
ZMB,2004,3.647557079110585,0.019217559799528966,0.7324955794567465,0.06389648441623753,0.045414344452836916
ZMB,2005,3.808852992763835,0.019217559799528966,0.7324955794567465,0.06389648441623753,0.045414344452836916
ZMB,2006,4.152701996726459,0.019217559799528966,0.7324955794567465,0.06389648441623753,0.045414344452836916
ZMB,2007,4.319754334174661,0.019217559799528966,0.7324955794567465,0.06389648441623753,0.045414344452836916
ZMB,2008,4.2602205543003215,0.019217559799528966,0.7324955794567465,0.06389648441623753,0.045414344452836916
ZMB,2009,4.107260111934071,0.019217559799528966,0.7324955794567465,0.06389648441623753,0.045414344452836916
ZMB,2010,4.4448942946073,0.019217559799528966,0.7324955794567465,0.06389648441623753,0.045414344452836916
ZMB,2011,4.558399538745662,0.019217559799528966,0.7324955794567465,0.06389648441623753,0.045414344452836916
ZMB,2012,4.401956178300324,0.019217559799528966,0.7324955794567465,0.06389648441623753,0.045414344452836916
ZMB,2013,4.3705172534195,0.019217559799528966,0.7324955794567465,0.06389648441623753,0.045414344452836916
ZMB,2014,4.269592549861825,0.019217559799528966,0.7324955794567465,0.06389648441623753,0.045414344452836916
ZMB,2015,4.007593573586418,0.019217559799528966,0.7324955794567465,0.06389648441623753,0.045414344452836916
ZMB,2016,3.965161907432022,0.019217559799528966,0.7324955794567465,0.06389648441623753,0.045414344452836916
ZMB,2017,4.120718660433937,0.019217559799528966,0.7324955794567465,0.06389648441623753,0.045414344452836916
ZMB,2018,4.1724283414156424,0.019217559799528966,0.7324955794567465,0.06389648441623753,0.045414344452836916
ZMB,2019,4.192001752593655,0.019217559799528966,0.7324955794567465,0.06389648441623753,0.045414344452836916
ZMB,2020,4.209876122832218,0.019217559799528966,0.7324955794567465,0.06389648441623753,0.045414344452836916
ZMB,2021,4.525730464248599,0.019217559799528966,0.7324955794567465,0.06389648441623753,0.045414344452836916
ZMB,2022,4.504294254695043,0.019217559799528966,0.7324955794567465,0.06389648441623753,0.045414344452836916
ZMB,2023,4.462853383656684,0.019217559799528966,0.7324955794567465,0.06389648441623753,0.045414344452836916
ZWE,1998,2.843501255393618,0.013985774775026372,0.10077703244512534,0.4795758334414802,0.09433000409413114
ZWE,1999,2.7836757830410868,0.013985774775026372,0.10077703244512534,0.4795758334414802,0.09433000409413114
ZWE,2000,2.8096312827154524,0.013985774775026372,0.10077703244512534,0.4795758334414802,0.09433000409413114
ZWE,2001,2.7889607649949677,0.013985774775026372,0.10077703244512534,0.4795758334414802,0.09433000409413114
ZWE,2002,2.8142076950967105,0.013985774775026372,0.10077703244512534,0.4795758334414802,0.09433000409413114
ZWE,2003,2.8887038416253326,0.013985774775026372,0.10077703244512534,0.4795758334414802,0.09433000409413114
ZWE,2004,2.9781775621615787,0.013985774775026372,0.10077703244512534,0.4795758334414802,0.09433000409413114
ZWE,2005,3.0125692855161197,0.013985774775026372,0.10077703244512534,0.4795758334414802,0.09433000409413114
ZWE,2006,3.1090221155812925,0.013985774775026372,0.10077703244512534,0.4795758334414802,0.09433000409413114
ZWE,2007,3.1990563124814866,0.013985774775026372,0.10077703244512534,0.4795758334414802,0.09433000409413114
ZWE,2008,3.2759234812550924,0.013985774775026372,0.10077703244512534,0.4795758334414802,0.09433000409413114
ZWE,2009,3.1557427289477156,0.013985774775026372,0.10077703244512534,0.4795758334414802,0.09433000409413114
ZWE,2010,3.2906918951828104,0.013985774775026372,0.10077703244512534,0.4795758334414802,0.09433000409413114
ZWE,2011,3.409529241781303,0.013985774775026372,0.10077703244512534,0.4795758334414802,0.09433000409413114
ZWE,2012,3.35181013886812,0.013985774775026372,0.10077703244512534,0.4795758334414802,0.09433000409413114
ZWE,2013,3.3417974950283664,0.013985774775026372,0.10077703244512534,0.4795758334414802,0.09433000409413114
ZWE,2014,3.312888951034206,0.013985774775026372,0.10077703244512534,0.4795758334414802,0.09433000409413114
ZWE,2015,3.172528433237356,0.013985774775026372,0.10077703244512534,0.4795758334414802,0.09433000409413114
ZWE,2016,3.171436310854064,0.013985774775026372,0.10077703244512534,0.4795758334414802,0.09433000409413114
ZWE,2017,3.2172260064034903,0.013985774775026372,0.10077703244512534,0.4795758334414802,0.09433000409413114
ZWE,2018,3.2230132817847505,0.013985774775026372,0.10077703244512534,0.4795758334414802,0.09433000409413114
ZWE,2019,3.2040186758367706,0.013985774775026372,0.10077703244512534,0.4795758334414802,0.09433000409413114
ZWE,2020,3.207597397203536,0.013985774775026372,0.10077703244512534,0.4795758334414802,0.09433000409413114
ZWE,2021,3.3840383703635357,0.013985774775026372,0.10077703244512534,0.4795758334414802,0.09433000409413114
ZWE,2022,3.4566958335229696,0.013985774775026372,0.10077703244512534,0.4795758334414802,0.09433000409413114
ZWE,2023,3.397917504727557,0.013985774775026372,0.10077703244512534,0.4795758334414802,0.09433000409413114
RWA,1998,3.521762416788381,0.0010308380102954742,0.09656903217386015,0.6506312190981154,0.09941588469105545
RWA,1999,3.4369308964471386,0.0010308380102954742,0.09656903217386015,0.6506312190981154,0.09941588469105545
RWA,2000,3.4569732451684065,0.0010308380102954742,0.09656903217386015,0.6506312190981154,0.09941588469105545
RWA,2001,3.439338768406943,0.0010308380102954742,0.09656903217386015,0.6506312190981154,0.09941588469105545
RWA,2002,3.4742521334631182,0.0010308380102954742,0.09656903217386015,0.6506312190981154,0.09941588469105545
RWA,2003,3.561122354513778,0.0010308380102954742,0.09656903217386015,0.6506312190981154,0.09941588469105545
RWA,2004,3.6628927062059295,0.0010308380102954742,0.09656903217386015,0.6506312190981154,0.09941588469105545
RWA,2005,3.6945241025046016,0.0010308380102954742,0.09656903217386015,0.6506312190981154,0.09941588469105545
RWA,2006,3.80130111812131,0.0010308380102954742,0.09656903217386015,0.6506312190981154,0.09941588469105545
RWA,2007,3.9118455609551734,0.0010308380102954742,0.09656903217386015,0.6506312190981154,0.09941588469105545
RWA,2008,4.012954512437994,0.0010308380102954742,0.09656903217386015,0.6506312190981154,0.09941588469105545
RWA,2009,3.8695137233293853,0.0010308380102954742,0.09656903217386015,0.6506312190981154,0.09941588469105545
RWA,2010,4.0229585111856325,0.0010308380102954742,0.09656903217386015,0.6506312190981154,0.09941588469105545
RWA,2011,4.168236756923777,0.0010308380102954742,0.09656903217386015,0.6506312190981154,0.09941588469105545
RWA,2012,4.104651072649425,0.0010308380102954742,0.09656903217386015,0.6506312190981154,0.09941588469105545
RWA,2013,4.094115783075517,0.0010308380102954742,0.09656903217386015,0.6506312190981154,0.09941588469105545
RWA,2014,4.063493959902349,0.0010308380102954742,0.09656903217386015,0.6506312190981154,0.09941588469105545
RWA,2015,3.899681088552032,0.0010308380102954742,0.09656903217386015,0.6506312190981154,0.09941588469105545
RWA,2016,3.9035585727849864,0.0010308380102954742,0.09656903217386015,0.6506312190981154,0.09941588469105545
RWA,2017,3.952378090297034,0.0010308380102954742,0.09656903217386015,0.6506312190981154,0.09941588469105545
RWA,2018,3.9528050615218224,0.0010308380102954742,0.09656903217386015,0.6506312190981154,0.09941588469105545
RWA,2019,3.930537651435339,0.0010308380102954742,0.09656903217386015,0.6506312190981154,0.09941588469105545
RWA,2020,3.941178986778757,0.0010308380102954742,0.09656903217386015,0.6506312190981154,0.09941588469105545
RWA,2021,4.148648464196743,0.0010308380102954742,0.09656903217386015,0.6506312190981154,0.09941588469105545
RWA,2022,4.239112159178563,0.0010308380102954742,0.09656903217386015,0.6506312190981154,0.09941588469105545
RWA,2023,4.173535659936993,0.0010308380102954742,0.09656903217386015,0.6506312190981154,0.09941588469105545
BWA,1998,0.39368106409734255,0.000812633784679619,0.0696948854260272,0.0279117535473549,0.00340490933456258
BWA,1999,0.3907765086610922,0.000812633784679619,0.0696948854260272,0.0279117535473549,0.00340490933456258
BWA,2000,0.4015968533576409,0.000812633784679619,0.0696948854260272,0.0279117535473549,0.00340490933456258
BWA,2001,0.39186925936671724,0.000812633784679619,0.0696948854260272,0.0279117535473549,0.00340490933456258
BWA,2002,0.3925630294694469,0.000812633784679619,0.0696948854260272,0.0279117535473549,0.00340490933456258
BWA,2003,0.40666132840641256,0.000812633784679619,0.0696948854260272,0.0279117535473549,0.00340490933456258
BWA,2004,0.43270914924761833,0.000812633784679619,0.0696948854260272,0.0279117535473549,0.00340490933456258
BWA,2005,0.44797647167420035,0.000812633784679619,0.0696948854260272,0.0279117535473549,0.00340490933456258
BWA,2006,0.4821245385567306,0.000812633784679619,0.0696948854260272,0.0279117535473549,0.00340490933456258
BWA,2007,0.5007284720492882,0.000812633784679619,0.0696948854260272,0.0279117535473549,0.00340490933456258
BWA,2008,0.498216452135154,0.000812633784679619,0.0696948854260272,0.0279117535473549,0.00340490933456258
BWA,2009,0.48050566884525364,0.000812633784679619,0.0696948854260272,0.0279117535473549,0.00340490933456258
BWA,2010,0.5148940201855853,0.000812633784679619,0.0696948854260272,0.0279117535473549,0.00340490933456258
BWA,2011,0.5289420244184188,0.000812633784679619,0.0696948854260272,0.0279117535473549,0.00340490933456258
BWA,2012,0.5135544516875125,0.000812633784679619,0.0696948854260272,0.0279117535473549,0.00340490933456258
BWA,2013,0.510539151500601,0.000812633784679619,0.0696948854260272,0.0279117535473549,0.00340490933456258
BWA,2014,0.500733099208186,0.000812633784679619,0.0696948854260272,0.0279117535473549,0.00340490933456258
BWA,2015,0.47245797154852076,0.000812633784679619,0.0696948854260272,0.0279117535473549,0.00340490933456258
BWA,2016,0.4689176875855759,0.000812633784679619,0.0696948854260272,0.0279117535473549,0.00340490933456258
BWA,2017,0.4842642781669891,0.000812633784679619,0.0696948854260272,0.0279117535473549,0.00340490933456258
BWA,2018,0.48865580454117213,0.000812633784679619,0.0696948854260272,0.0279117535473549,0.00340490933456258
BWA,2019,0.4900861199975901,0.000812633784679619,0.0696948854260272,0.0279117535473549,0.00340490933456258
BWA,2020,0.49254189615011545,0.000812633784679619,0.0696948854260272,0.0279117535473549,0.00340490933456258
BWA,2021,0.5269763606170723,0.000812633784679619,0.0696948854260272,0.0279117535473549,0.00340490933456258
BWA,2022,0.5274048335437614,0.000812633784679619,0.0696948854260272,0.0279117535473549,0.00340490933456258
BWA,2023,0.5225520592655557,0.000812633784679619,0.0696948854260272,0.0279117535473549,0.00340490933456258
MUS,1998,1.1380526835810991,0.00016662093985196625,0.003229380898980668,0.2623259477245167,0.005321224403489661
MUS,1999,1.1039659261094512,0.00016662093985196625,0.003229380898980668,0.2623259477245167,0.005321224403489661
MUS,2000,1.1057297143252267,0.00016662093985196625,0.003229380898980668,0.2623259477245167,0.005321224403489661
MUS,2001,1.1072416907027787,0.00016662093985196625,0.003229380898980668,0.2623259477245167,0.005321224403489661
MUS,2002,1.120690052537607,0.00016662093985196625,0.003229380898980668,0.2623259477245167,0.005321224403489661
MUS,2003,1.1451289519355172,0.00016662093985196625,0.003229380898980668,0.2623259477245167,0.005321224403489661
MUS,2004,1.1717200789885849,0.00016662093985196625,0.003229380898980668,0.2623259477245167,0.005321224403489661
MUS,2005,1.1759214305124908,0.00016662093985196625,0.003229380898980668,0.2623259477245167,0.005321224403489661
MUS,2006,1.198246389937093,0.00016662093985196625,0.003229380898980668,0.2623259477245167,0.005321224403489661
MUS,2007,1.2334667309969303,0.00016662093985196625,0.003229380898980668,0.2623259477245167,0.005321224403489661
MUS,2008,1.2759691157311455,0.00016662093985196625,0.003229380898980668,0.2623259477245167,0.005321224403489661
MUS,2009,1.2291956046266417,0.00016662093985196625,0.003229380898980668,0.2623259477245167,0.005321224403489661
MUS,2010,1.2654157957120653,0.00016662093985196625,0.003229380898980668,0.2623259477245167,0.005321224403489661
MUS,2011,1.311761524442619,0.00016662093985196625,0.003229380898980668,0.2623259477245167,0.005321224403489661
MUS,2012,1.3011430963133463,0.00016662093985196625,0.003229380898980668,0.2623259477245167,0.005321224403489661
MUS,2013,1.2998718602366162,0.00016662093985196625,0.003229380898980668,0.2623259477245167,0.005321224403489661
MUS,2014,1.2949439103645568,0.00016662093985196625,0.003229380898980668,0.2623259477245167,0.005321224403489661
MUS,2015,1.2445842347306983,0.00016662093985196625,0.003229380898980668,0.2623259477245167,0.005321224403489661
MUS,2016,1.2481999438676703,0.00016662093985196625,0.003229380898980668,0.2623259477245167,0.005321224403489661
MUS,2017,1.2588530428460305,0.00016662093985196625,0.003229380898980668,0.2623259477245167,0.005321224403489661
MUS,2018,1.2559860949229622,0.00016662093985196625,0.003229380898980668,0.2623259477245167,0.005321224403489661
MUS,2019,1.2476405067814198,0.00016662093985196625,0.003229380898980668,0.2623259477245167,0.005321224403489661
MUS,2020,1.2520069401195748,0.00016662093985196625,0.003229380898980668,0.2623259477245167,0.005321224403489661
MUS,2021,1.3167977815376286,0.00016662093985196625,0.003229380898980668,0.2623259477245167,0.005321224403489661
MUS,2022,1.3532681547271384,0.00016662093985196625,0.003229380898980668,0.2623259477245167,0.005321224403489661
MUS,2023,1.3338207898365835,0.00016662093985196625,0.003229380898980668,0.2623259477245167,0.005321224403489661
SGP,1998,0.5120767453954977,0.07994128821923514,0.0148919868360493,0.03255688085561095,0.007171310642440711
SGP,1999,0.5244162314271336,0.07994128821923514,0.0148919868360493,0.03255688085561095,0.007171310642440711
SGP,2000,0.5647570077434957,0.07994128821923514,0.0148919868360493,0.03255688085561095,0.007171310642440711
SGP,2001,0.5539629210389369,0.07994128821923514,0.0148919868360493,0.03255688085561095,0.007171310642440711
SGP,2002,0.5509046856748816,0.07994128821923514,0.0148919868360493,0.03255688085561095,0.007171310642440711
SGP,2003,0.5742402361006477,0.07994128821923514,0.0148919868360493,0.03255688085561095,0.007171310642440711
SGP,2004,0.6016939478575053,0.07994128821923514,0.0148919868360493,0.03255688085561095,0.007171310642440711
SGP,2005,0.6313029316386088,0.07994128821923514,0.0148919868360493,0.03255688085561095,0.007171310642440711
SGP,2006,0.6512391021533631,0.07994128821923514,0.0148919868360493,0.03255688085561095,0.007171310642440711
SGP,2007,0.6663862274878255,0.07994128821923514,0.0148919868360493,0.03255688085561095,0.007171310642440711
SGP,2008,0.6964565972794926,0.07994128821923514,0.0148919868360493,0.03255688085561095,0.007171310642440711
SGP,2009,0.6482652696795005,0.07994128821923514,0.0148919868360493,0.03255688085561095,0.007171310642440711
SGP,2010,0.6787354345146558,0.07994128821923514,0.0148919868360493,0.03255688085561095,0.007171310642440711
SGP,2011,0.7084663566425357,0.07994128821923514,0.0148919868360493,0.03255688085561095,0.007171310642440711
SGP,2012,0.7016277427230719,0.07994128821923514,0.0148919868360493,0.03255688085561095,0.007171310642440711
SGP,2013,0.6998150733013295,0.07994128821923514,0.0148919868360493,0.03255688085561095,0.007171310642440711
SGP,2014,0.6918559356869072,0.07994128821923514,0.0148919868360493,0.03255688085561095,0.007171310642440711
SGP,2015,0.6339219894601078,0.07994128821923514,0.0148919868360493,0.03255688085561095,0.007171310642440711
SGP,2016,0.6196784539542572,0.07994128821923514,0.0148919868360493,0.03255688085561095,0.007171310642440711
SGP,2017,0.6409858250106992,0.07994128821923514,0.0148919868360493,0.03255688085561095,0.007171310642440711
SGP,2018,0.6607621110975482,0.07994128821923514,0.0148919868360493,0.03255688085561095,0.007171310642440711
SGP,2019,0.6446270744962496,0.07994128821923514,0.0148919868360493,0.03255688085561095,0.007171310642440711
SGP,2020,0.6179884261391856,0.07994128821923514,0.0148919868360493,0.03255688085561095,0.007171310642440711
SGP,2021,0.687777235845254,0.07994128821923514,0.0148919868360493,0.03255688085561095,0.007171310642440711
SGP,2022,0.7311662892532491,0.07994128821923514,0.0148919868360493,0.03255688085561095,0.007171310642440711
SGP,2023,0.6906636381739806,0.07994128821923514,0.0148919868360493,0.03255688085561095,0.007171310642440711
IND,1998,0.9319161200913915,0.014029152994146374,0.03018801963308173,0.1657378093984367,0.016941724521013068
IND,1999,0.9133173277254786,0.014029152994146374,0.03018801963308173,0.1657378093984367,0.016941724521013068
IND,2000,0.9255256015290535,0.014029152994146374,0.03018801963308173,0.1657378093984367,0.016941724521013068
IND,2001,0.9197305885180166,0.014029152994146374,0.03018801963308173,0.1657378093984367,0.016941724521013068
IND,2002,0.9274904536811459,0.014029152994146374,0.03018801963308173,0.1657378093984367,0.016941724521013068
IND,2003,0.9522620719954459,0.014029152994146374,0.03018801963308173,0.1657378093984367,0.016941724521013068
IND,2004,0.9826436356332638,0.014029152994146374,0.03018801963308173,0.1657378093984367,0.016941724521013068
IND,2005,0.9960794568271235,0.014029152994146374,0.03018801963308173,0.1657378093984367,0.016941724521013068
IND,2006,1.0263795504469364,0.014029152994146374,0.03018801963308173,0.1657378093984367,0.016941724521013068
IND,2007,1.05655818287888,0.014029152994146374,0.03018801963308173,0.1657378093984367,0.016941724521013068
IND,2008,1.0856997023793775,0.014029152994146374,0.03018801963308173,0.1657378093984367,0.016941724521013068
IND,2009,1.0426339252573935,0.014029152994146374,0.03018801963308173,0.1657378093984367,0.016941724521013068
IND,2010,1.0846683623523772,0.014029152994146374,0.03018801963308173,0.1657378093984367,0.016941724521013068
IND,2011,1.124012229546651,0.014029152994146374,0.03018801963308173,0.1657378093984367,0.016941724521013068
IND,2012,1.1084497930387376,0.014029152994146374,0.03018801963308173,0.1657378093984367,0.016941724521013068
IND,2013,1.1057854041168502,0.014029152994146374,0.03018801963308173,0.1657378093984367,0.016941724521013068
IND,2014,1.097073948123218,0.014029152994146374,0.03018801963308173,0.1657378093984367,0.016941724521013068
IND,2015,1.0465926910794356,0.014029152994146374,0.03018801963308173,0.1657378093984367,0.016941724521013068
IND,2016,1.0448979482876497,0.014029152994146374,0.03018801963308173,0.1657378093984367,0.016941724521013068
IND,2017,1.0608977926159064,0.014029152994146374,0.03018801963308173,0.1657378093984367,0.016941724521013068
IND,2018,1.0644846639704488,0.014029152994146374,0.03018801963308173,0.1657378093984367,0.016941724521013068
IND,2019,1.0568586103493545,0.014029152994146374,0.03018801963308173,0.1657378093984367,0.016941724521013068
IND,2020,1.0553227403151364,0.014029152994146374,0.03018801963308173,0.1657378093984367,0.016941724521013068
IND,2021,1.1186268637766568,0.014029152994146374,0.03018801963308173,0.1657378093984367,0.016941724521013068
IND,2022,1.1476560686655883,0.014029152994146374,0.03018801963308173,0.1657378093984367,0.016941724521013068
IND,2023,1.125911645851063,0.014029152994146374,0.03018801963308173,0.1657378093984367,0.016941724521013068
KOR,1998,0.3101497033027439,0.036410220583715784,0.012546970236916666,0.02025968326372635,0.010923132085360119
KOR,1999,0.3150093339705888,0.036410220583715784,0.012546970236916666,0.02025968326372635,0.010923132085360119
KOR,2000,0.3344622446087279,0.036410220583715784,0.012546970236916666,0.02025968326372635,0.010923132085360119
KOR,2001,0.327992932488826,0.036410220583715784,0.012546970236916666,0.02025968326372635,0.010923132085360119
KOR,2002,0.3270412298211918,0.036410220583715784,0.012546970236916666,0.02025968326372635,0.010923132085360119
KOR,2003,0.340137885014225,0.036410220583715784,0.012546970236916666,0.02025968326372635,0.010923132085360119
KOR,2004,0.3556383092916609,0.036410220583715784,0.012546970236916666,0.02025968326372635,0.010923132085360119
KOR,2005,0.37062014389670384,0.036410220583715784,0.012546970236916666,0.02025968326372635,0.010923132085360119
KOR,2006,0.3837278867679011,0.036410220583715784,0.012546970236916666,0.02025968326372635,0.010923132085360119
KOR,2007,0.39294695883891584,0.036410220583715784,0.012546970236916666,0.02025968326372635,0.010923132085360119
KOR,2008,0.4073480625139688,0.036410220583715784,0.012546970236916666,0.02025968326372635,0.010923132085360119
KOR,2009,0.3824114578464748,0.036410220583715784,0.012546970236916666,0.02025968326372635,0.010923132085360119
KOR,2010,0.4017202833636217,0.036410220583715784,0.012546970236916666,0.02025968326372635,0.010923132085360119
KOR,2011,0.41861617309377014,0.036410220583715784,0.012546970236916666,0.02025968326372635,0.010923132085360119
KOR,2012,0.4124245773712367,0.036410220583715784,0.012546970236916666,0.02025968326372635,0.010923132085360119
KOR,2013,0.41100834744091846,0.036410220583715784,0.012546970236916666,0.02025968326372635,0.010923132085360119
KOR,2014,0.4059410792837249,0.036410220583715784,0.012546970236916666,0.02025968326372635,0.010923132085360119
KOR,2015,0.37579444013816626,0.036410220583715784,0.012546970236916666,0.02025968326372635,0.010923132085360119
KOR,2016,0.36905836711769124,0.036410220583715784,0.012546970236916666,0.02025968326372635,0.010923132085360119
KOR,2017,0.3805203606070785,0.036410220583715784,0.012546970236916666,0.02025968326372635,0.010923132085360119
KOR,2018,0.3899825689486073,0.036410220583715784,0.012546970236916666,0.02025968326372635,0.010923132085360119
KOR,2019,0.3822567413585442,0.036410220583715784,0.012546970236916666,0.02025968326372635,0.010923132085360119
KOR,2020,0.3701475186428628,0.036410220583715784,0.012546970236916666,0.02025968326372635,0.010923132085360119
KOR,2021,0.4065419746583003,0.036410220583715784,0.012546970236916666,0.02025968326372635,0.010923132085360119
KOR,2022,0.42715010368973494,0.036410220583715784,0.012546970236916666,0.02025968326372635,0.010923132085360119
KOR,2023,0.40686583008434385,0.036410220583715784,0.012546970236916666,0.02025968326372635,0.010923132085360119
IDN,1998,1.7196549646421588,0.23885011297065417,0.05055213398682543,0.10981392217345684,0.04824492012497907
IDN,1999,1.7545799236974418,0.23885011297065417,0.05055213398682543,0.10981392217345684,0.04824492012497907
IDN,2000,1.8767905201383452,0.23885011297065417,0.05055213398682543,0.10981392217345684,0.04824492012497907
IDN,2001,1.840974066546896,0.23885011297065417,0.05055213398682543,0.10981392217345684,0.04824492012497907
IDN,2002,1.833210286873582,0.23885011297065417,0.05055213398682543,0.10981392217345684,0.04824492012497907
IDN,2003,1.9087789840834744,0.23885011297065417,0.05055213398682543,0.10981392217345684,0.04824492012497907
IDN,2004,1.9960312255146677,0.23885011297065417,0.05055213398682543,0.10981392217345684,0.04824492012497907
IDN,2005,2.0867049268716173,0.23885011297065417,0.05055213398682543,0.10981392217345684,0.04824492012497907
IDN,2006,2.1535010182518035,0.23885011297065417,0.05055213398682543,0.10981392217345684,0.04824492012497907
IDN,2007,2.2030551928217093,0.23885011297065417,0.05055213398682543,0.10981392217345684,0.04824492012497907
IDN,2008,2.2958396362007876,0.23885011297065417,0.05055213398682543,0.10981392217345684,0.04824492012497907
IDN,2009,2.144947967252185,0.23885011297065417,0.05055213398682543,0.10981392217345684,0.04824492012497907
IDN,2010,2.248175126818141,0.23885011297065417,0.05055213398682543,0.10981392217345684,0.04824492012497907
IDN,2011,2.345966302478817,0.23885011297065417,0.05055213398682543,0.10981392217345684,0.04824492012497907
IDN,2012,2.317742890651138,0.23885011297065417,0.05055213398682543,0.10981392217345684,0.04824492012497907
IDN,2013,2.3108398865528677,0.23885011297065417,0.05055213398682543,0.10981392217345684,0.04824492012497907
IDN,2014,2.2839441482651415,0.23885011297065417,0.05055213398682543,0.10981392217345684,0.04824492012497907
IDN,2015,2.103386641124252,0.23885011297065417,0.05055213398682543,0.10981392217345684,0.04824492012497907
IDN,2016,2.060634467631098,0.23885011297065417,0.05055213398682543,0.10981392217345684,0.04824492012497907
IDN,2017,2.127380510496569,0.23885011297065417,0.05055213398682543,0.10981392217345684,0.04824492012497907
IDN,2018,2.187234283941321,0.23885011297065417,0.05055213398682543,0.10981392217345684,0.04824492012497907
IDN,2019,2.1373710347382144,0.23885011297065417,0.05055213398682543,0.10981392217345684,0.04824492012497907
IDN,2020,2.0572698398290727,0.23885011297065417,0.05055213398682543,0.10981392217345684,0.04824492012497907
IDN,2021,2.2749611403345242,0.23885011297065417,0.05055213398682543,0.10981392217345684,0.04824492012497907
IDN,2022,2.407482002073692,0.23885011297065417,0.05055213398682543,0.10981392217345684,0.04824492012497907
IDN,2023,2.2808832829306684,0.23885011297065417,0.05055213398682543,0.10981392217345684,0.04824492012497907
MYS,1998,0.8460923155607641,0.07625772272441307,0.011942754612033351,0.0838920198196474,0.04056351189049626
MYS,1999,0.8505197121522792,0.07625772272441307,0.011942754612033351,0.0838920198196474,0.04056351189049626
MYS,2000,0.8898140576076594,0.07625772272441307,0.011942754612033351,0.0838920198196474,0.04056351189049626
MYS,2001,0.8767463300017845,0.07625772272441307,0.011942754612033351,0.0838920198196474,0.04056351189049626
MYS,2002,0.8775509700430902,0.07625772272441307,0.011942754612033351,0.0838920198196474,0.04056351189049626
MYS,2003,0.9088761085929096,0.07625772272441307,0.011942754612033351,0.0838920198196474,0.04056351189049626
MYS,2004,0.9419298995611742,0.07625772272441307,0.011942754612033351,0.0838920198196474,0.04056351189049626
MYS,2005,0.9713561467392559,0.07625772272441307,0.011942754612033351,0.0838920198196474,0.04056351189049626
MYS,2006,0.9978528565572286,0.07625772272441307,0.011942754612033351,0.0838920198196474,0.04056351189049626
MYS,2007,1.0204599104978826,0.07625772272441307,0.011942754612033351,0.0838920198196474,0.04056351189049626
MYS,2008,1.0599069115318318,0.07625772272441307,0.011942754612033351,0.0838920198196474,0.04056351189049626
MYS,2009,1.0005415556065056,0.07625772272441307,0.011942754612033351,0.0838920198196474,0.04056351189049626
MYS,2010,1.0454230755711722,0.07625772272441307,0.011942754612033351,0.0838920198196474,0.04056351189049626
MYS,2011,1.0901912626310093,0.07625772272441307,0.011942754612033351,0.0838920198196474,0.04056351189049626
MYS,2012,1.0745702240948751,0.07625772272441307,0.011942754612033351,0.0838920198196474,0.04056351189049626
MYS,2013,1.071234613094753,0.07625772272441307,0.011942754612033351,0.0838920198196474,0.04056351189049626
MYS,2014,1.0604322714648464,0.07625772272441307,0.011942754612033351,0.0838920198196474,0.04056351189049626
MYS,2015,0.9920696208362838,0.07625772272441307,0.011942754612033351,0.0838920198196474,0.04056351189049626
MYS,2016,0.9793171127325706,0.07625772272441307,0.011942754612033351,0.0838920198196474,0.04056351189049626
MYS,2017,1.0029095382326534,0.07625772272441307,0.011942754612033351,0.0838920198196474,0.04056351189049626
MYS,2018,1.0216485698645716,0.07625772272441307,0.011942754612033351,0.0838920198196474,0.04056351189049626
MYS,2019,1.0026517399605308,0.07625772272441307,0.011942754612033351,0.0838920198196474,0.04056351189049626
MYS,2020,0.9768986199386223,0.07625772272441307,0.011942754612033351,0.0838920198196474,0.04056351189049626
MYS,2021,1.0600773190595714,0.07625772272441307,0.011942754612033351,0.0838920198196474,0.04056351189049626
MYS,2022,1.1107875026529492,0.07625772272441307,0.011942754612033351,0.0838920198196474,0.04056351189049626
MYS,2023,1.062808497294798,0.07625772272441307,0.011942754612033351,0.0838920198196474,0.04056351189049626
BRA,1998,1.7855196155214101,0.009243603990654154,0.10016104160551541,0.284938530786574,0.042700320291940465
BRA,1999,1.750696613088503,0.009243603990654154,0.10016104160551541,0.284938530786574,0.042700320291940465
BRA,2000,1.772104138519873,0.009243603990654154,0.10016104160551541,0.284938530786574,0.042700320291940465
BRA,2001,1.7556271079359338,0.009243603990654154,0.10016104160551541,0.284938530786574,0.042700320291940465
BRA,2002,1.7697216879618374,0.009243603990654154,0.10016104160551541,0.284938530786574,0.042700320291940465
BRA,2003,1.8186467741657895,0.009243603990654154,0.10016104160551541,0.284938530786574,0.042700320291940465
BRA,2004,1.8842691122732191,0.009243603990654154,0.10016104160551541,0.284938530786574,0.042700320291940465
BRA,2005,1.913026143877052,0.009243603990654154,0.10016104160551541,0.284938530786574,0.042700320291940465
BRA,2006,1.9868715468764175,0.009243603990654154,0.10016104160551541,0.284938530786574,0.042700320291940465
BRA,2007,2.048266017589445,0.009243603990654154,0.10016104160551541,0.284938530786574,0.042700320291940465
BRA,2008,2.089131547626531,0.009243603990654154,0.10016104160551541,0.284938530786574,0.042700320291940465
BRA,2009,2.012162327774953,0.009243603990654154,0.10016104160551541,0.284938530786574,0.042700320291940465
BRA,2010,2.1056988031042168,0.009243603990654154,0.10016104160551541,0.284938530786574,0.042700320291940465
BRA,2011,2.178312636693869,0.009243603990654154,0.10016104160551541,0.284938530786574,0.042700320291940465
BRA,2012,2.1391882264740167,0.009243603990654154,0.10016104160551541,0.284938530786574,0.042700320291940465
BRA,2013,2.1322349005762677,0.009243603990654154,0.10016104160551541,0.284938530786574,0.042700320291940465
BRA,2014,2.1108312254626806,0.009243603990654154,0.10016104160551541,0.284938530786574,0.042700320291940465
BRA,2015,2.0156438428878927,0.009243603990654154,0.10016104160551541,0.284938530786574,0.042700320291940465
BRA,2016,2.0126596808662405,0.009243603990654154,0.10016104160551541,0.284938530786574,0.042700320291940465
BRA,2017,2.0474342298023562,0.009243603990654154,0.10016104160551541,0.284938530786574,0.042700320291940465
BRA,2018,2.053416703645306,0.009243603990654154,0.10016104160551541,0.284938530786574,0.042700320291940465
BRA,2019,2.044223422413007,0.009243603990654154,0.10016104160551541,0.284938530786574,0.042700320291940465
BRA,2020,2.0478647670091696,0.009243603990654154,0.10016104160551541,0.284938530786574,0.042700320291940465
BRA,2021,2.1668643400782788,0.009243603990654154,0.10016104160551541,0.284938530786574,0.042700320291940465
BRA,2022,2.207423458891617,0.009243603990654154,0.10016104160551541,0.284938530786574,0.042700320291940465
BRA,2023,2.1732035955149054,0.009243603990654154,0.10016104160551541,0.284938530786574,0.042700320291940465
CHL,1998,3.2190681727525106,0.004415254015964207,0.44673069354524364,0.2583397980258742,0.10726443558915227
CHL,1999,3.1888010204953647,0.004415254015964207,0.44673069354524364,0.2583397980258742,0.10726443558915227
CHL,2000,3.260460817878635,0.004415254015964207,0.44673069354524364,0.2583397980258742,0.10726443558915227
CHL,2001,3.189858149822623,0.004415254015964207,0.44673069354524364,0.2583397980258742,0.10726443558915227
CHL,2002,3.2009512502790316,0.004415254015964207,0.44673069354524364,0.2583397980258742,0.10726443558915227
CHL,2003,3.3102166860444515,0.004415254015964207,0.44673069354524364,0.2583397980258742,0.10726443558915227
CHL,2004,3.491064932957634,0.004415254015964207,0.44673069354524364,0.2583397980258742,0.10726443558915227
CHL,2005,3.592171045844147,0.004415254015964207,0.44673069354524364,0.2583397980258742,0.10726443558915227
CHL,2006,3.8283133218576064,0.004415254015964207,0.44673069354524364,0.2583397980258742,0.10726443558915227
CHL,2007,3.9622598120571864,0.004415254015964207,0.44673069354524364,0.2583397980258742,0.10726443558915227
CHL,2008,3.963735087664509,0.004415254015964207,0.44673069354524364,0.2583397980258742,0.10726443558915227
CHL,2009,3.825095774273413,0.004415254015964207,0.44673069354524364,0.2583397980258742,0.10726443558915227
CHL,2010,4.0809578799912,0.004415254015964207,0.44673069354524364,0.2583397980258742,0.10726443558915227
CHL,2011,4.203772491640702,0.004415254015964207,0.44673069354524364,0.2583397980258742,0.10726443558915227
CHL,2012,4.082796512493395,0.004415254015964207,0.44673069354524364,0.2583397980258742,0.10726443558915227
CHL,2013,4.059367138549504,0.004415254015964207,0.44673069354524364,0.2583397980258742,0.10726443558915227
CHL,2014,3.9885295605189848,0.004415254015964207,0.44673069354524364,0.2583397980258742,0.10726443558915227
CHL,2015,3.782820813353768,0.004415254015964207,0.44673069354524364,0.2583397980258742,0.10726443558915227
CHL,2016,3.761273583753167,0.004415254015964207,0.44673069354524364,0.2583397980258742,0.10726443558915227
CHL,2017,3.8668908582401165,0.004415254015964207,0.44673069354524364,0.2583397980258742,0.10726443558915227
CHL,2018,3.895567046715141,0.004415254015964207,0.44673069354524364,0.2583397980258742,0.10726443558915227
CHL,2019,3.897658816982196,0.004415254015964207,0.44673069354524364,0.2583397980258742,0.10726443558915227
CHL,2020,3.912068005489887,0.004415254015964207,0.44673069354524364,0.2583397980258742,0.10726443558915227
CHL,2021,4.1635028124530065,0.004415254015964207,0.44673069354524364,0.2583397980258742,0.10726443558915227
CHL,2022,4.181614448339918,0.004415254015964207,0.44673069354524364,0.2583397980258742,0.10726443558915227
CHL,2023,4.130855476538641,0.004415254015964207,0.44673069354524364,0.2583397980258742,0.10726443558915227
