economy,year,lending_rate,gdp_growth,inflation,us10y,spread_bps,log_lending,region,country_name
BRA,1998,86.3633333333333,0.338097901952338,3.19507629280051,5.26288,8110.045333333331,4.45856320301813,LatAm,Brazil
BRA,1999,80.4433333333333,0.467937566679467,4.85844749902666,5.646135458167331,7479.719787516597,4.387553002799412,LatAm,Brazil
BRA,2000,56.83,4.38794944364869,7.04414105947265,6.030278884462151,5079.972111553785,4.04006435530903,LatAm,Brazil
BRA,2001,57.6166666666666,1.3898964044581,6.84035902487523,5.0206854838709685,5259.598118279563,4.053811877699522,LatAm,Brazil
BRA,2002,62.875,3.05346185683619,8.45016437708331,4.61308,5826.192,4.141148628419903,LatAm,Brazil
BRA,2003,67.0833333333333,1.14082899877101,14.7149197228147,4.01388,6306.94533333333,4.205935627630563,LatAm,Brazil
BRA,2004,54.925,5.75996463685998,6.59718509985963,4.271319999999999,5065.368,4.005968618270674,LatAm,Brazil
BRA,2005,55.3833333333333,3.20213206216255,6.86953720898964,4.28888,5109.4453333333295,4.014278706132493,LatAm,Brazil
BRA,2006,50.8083333333333,3.96198870899485,4.18356812896909,4.795,4601.33333333333,3.9280603831257697,LatAm,Brazil
BRA,2007,43.7166666666666,6.06987060733128,3.64127299102652,4.634661354581673,3908.200531208493,3.777729417644772,LatAm,Brazil
BRA,2008,47.25,5.09419544811998,5.67859390284168,3.6642629482071714,4358.573705179283,3.855452653939752,LatAm,Brazil
BRA,2009,44.65,-0.12581200299141,4.88803479876798,3.26412,4138.588,3.798854307322508,LatAm,Brazil
BRA,2010,39.9916666666666,7.52822581812151,5.03872690108074,3.2150597609561755,3677.6606905710432,3.6886710990761977,LatAm,Brazil
BRA,2011,43.8833333333333,3.97442307944702,6.6364496221309,2.78164,4110.16933333333,3.781534597274208,LatAm,Brazil
BRA,2012,36.6366666666666,1.92117598509462,5.40349914036997,1.80344,3483.32266666666,3.6010495604126973,LatAm,Brazil
BRA,2013,27.3916666666666,3.0048226702888,6.204310666401,2.35016,2504.15066666666,3.310238830882171,LatAm,Brazil
BRA,2014,32.0083333333333,0.503955740273241,6.32904015516138,2.53956,2946.8773333333297,3.465996285563857,LatAm,Brazil
BRA,2015,43.9583333333333,-3.54576339347278,9.02990102416136,2.138286852589641,4182.004648074366,3.783242215562221,LatAm,Brazil
BRA,2016,52.1,-3.2759169063211,8.73914352329393,1.83744,5026.256,3.9531649487593215,LatAm,Brazil
BRA,2017,46.9166666666666,1.32286905390815,3.44637335032669,2.32948,4458.718666666659,3.848372978351689,LatAm,Brazil
BRA,2018,39.0833333333333,1.78366676137003,3.66485028376728,2.9112449799196787,3617.208835341362,3.6656961186582784,LatAm,Brazil
BRA,2019,37.475,1.22077782271943,3.73297621216893,2.1414,3533.3600000000006,3.623674043988661,LatAm,Brazil
BRA,2020,29.0416666666666,-3.27675879612903,3.21176803803376,0.889203187250996,2815.2463479415605,3.368731580412576,LatAm,Brazil
BRA,2021,30.0166666666666,4.7626043797061,8.30165975585673,1.4468525896414344,2856.9814077025167,3.4017527829538534,LatAm,Brazil
BRA,2022,39.4,3.01669435408112,9.28010608956872,2.9505622489959835,3644.943775100401,3.673765816303888,LatAm,Brazil
BRA,2023,43.6,3.24165532813583,4.59356282283203,3.959,3964.1,3.775057150354989,LatAm,Brazil
BWA,1998,13.6508333333333,0.443663586075374,6.66139865665752,5.26288,838.7953333333301,2.613800569828537,Africa,Botswana
BWA,1999,14.7758333333333,9.66724070276106,7.74929619202848,5.646135458167331,912.9697875165969,2.6929929632808944,Africa,Botswana
BWA,2000,15.4791666666666,1.98769583378552,8.6014851485149,6.030278884462151,944.8887782204448,2.739495033809864,Africa,Botswana
BWA,2001,15.75,0.250573949689084,6.55903767014861,5.0206854838709685,1072.9314516129032,2.7568403652716422,Africa,Botswana
BWA,2002,16.2083333333333,6.06953087648317,8.03279662527485,4.61308,1159.52533333333,2.785525513270499,Africa,Botswana
BWA,2003,16.4,4.62589474959299,9.18990265632739,4.01388,1238.612,2.797281334830153,Africa,Botswana
BWA,2004,15.75,2.70582170611173,6.94570363654674,4.271319999999999,1147.8680000000002,2.7568403652716422,Africa,Botswana
BWA,2005,15.7375,4.55664565323181,8.61022528546439,4.28888,1144.862,2.7560463993704656,Africa,Botswana
BWA,2006,16.4583333333333,8.36387109282306,11.5552187914379,4.795,1166.33333333333,2.800831934553174,Africa,Botswana
BWA,2007,16.215,5.79255577727118,7.08099847172692,4.634661354581673,1158.0338645418326,2.7859367397592814,Africa,Botswana
BWA,2008,16.5416666666666,3.25207295796832,12.7021883920075,3.6642629482071714,1287.740371845943,2.805882450339241,Africa,Botswana
BWA,2009,13.755625,-14.1442346163423,8.02729703109581,3.26412,1049.1505,2.6214478313668,Africa,Botswana
BWA,2010,11.4583333333333,10.119723322694,6.94887658743103,3.2150597609561755,824.3273572377124,2.438717267318623,Africa,Botswana
BWA,2011,11.0,6.83841052493574,8.45987233408583,2.78164,821.836,2.3978952727983707,Africa,Botswana
BWA,2012,11.0,-0.170857099335691,7.53690261091916,1.80344,919.656,2.3978952727983707,Africa,Botswana
BWA,2013,10.1892333333333,11.1029068737822,5.88460707056816,2.35016,783.90733333333,2.321331607243558,Africa,Botswana
BWA,2014,9.0,5.69714422072884,4.40225309243427,2.53956,646.044,2.19722457733622,Africa,Botswana
BWA,2015,7.95,-4.85132507409779,3.06203169580557,2.138286852589641,581.1713147410359,2.0731719286662407,Africa,Botswana
BWA,2016,7.3,7.20442475914267,2.81495791361943,1.83744,546.256,1.9878743481543453,Africa,Botswana
BWA,2017,6.875,4.11437856445083,3.30828076768219,2.32948,454.552,1.927891643552635,Africa,Botswana
BWA,2018,6.5,4.18869237159223,3.23801558947715,2.9112449799196787,358.87550200803213,1.871802176901592,Africa,Botswana
BWA,2019,6.39583333333333,3.0317733945467,2.7728644286332,2.1414,425.443333333333,1.8556467366793057,Africa,Botswana
BWA,2020,5.75,-8.72888243996397,1.8903591682421,0.889203187250996,486.0796812749004,1.749199854809259,Africa,Botswana
BWA,2021,5.25,11.9162724376008,7.24097765588442,1.4468525896414344,380.31474103585657,1.6582280766035324,Africa,Botswana
BWA,2022,6.1323,5.48601706446772,11.665567478802,2.9505622489959835,318.17377510040166,1.8135698834919045,Africa,Botswana
BWA,2023,6.73859953703703,3.20806812224438,5.06761549343829,3.959,277.959953703703,1.907852119511768,Africa,Botswana
CHL,1998,20.1695011436128,4.18088662700669,5.11024954517559,5.26288,1490.66211436128,3.0041716190679395,LatAm,Chile
CHL,1999,12.6231518368614,-0.2736313981937,3.33687917526023,5.646135458167331,697.7016378694069,2.535532575285992,LatAm,Chile
CHL,2000,14.8433912347788,4.9716214882971,3.84327295706565,6.030278884462151,881.3112350316649,2.697554731496348,LatAm,Chile
CHL,2001,11.8910098561076,3.15403492459967,3.56910053001466,5.0206854838709685,687.0324372236631,2.475782640326312,LatAm,Chile
CHL,2002,7.75807289652374,3.20279913520113,2.48939816650705,4.61308,314.499289652374,2.048733965277284,LatAm,Chile
CHL,2003,6.17877873086097,4.72324526861041,2.8101787574361,4.01388,216.489873086097,1.8211206355753733,LatAm,Chile
CHL,2004,5.12700362788107,6.67425416822923,1.05473871403516,4.271319999999999,200.89722142516075,1.6345214004044086,LatAm,Chile
CHL,2005,6.67787900981345,5.83704571917758,3.05257621387849,4.28888,171.80931036213548,1.8988004236294893,LatAm,Chile
CHL,2006,7.99948207856605,6.04999082563968,3.39201733699405,4.795,135.64027568327984,2.0793767994048564,LatAm,Chile
CHL,2007,8.67125848644778,5.16823098528431,4.40779938398044,4.634661354581673,144.8208734349227,2.160013934404833,LatAm,Chile
CHL,2008,13.2617713664149,3.78939280635238,8.71626873039607,3.6642629482071714,328.08297769669383,2.5848855630465164,LatAm,Chile
CHL,2009,7.25063476884462,-1.11803723642878,0.353045178360936,3.26412,240.11752753708663,1.9810890193573232,LatAm,Chile
CHL,2010,4.75482680518702,5.85165102224047,1.4107110795432,3.2150597609561755,303.78143538952,1.5591602716088664,LatAm,Chile
CHL,2011,9.03015252269429,6.22389678509138,3.34121694259302,2.78164,318.8004615918044,2.200569257950068,LatAm,Chile
CHL,2012,10.0572624433615,6.15534001855494,3.00744840213047,1.80344,362.2130541562934,2.308295004713139,LatAm,Chile
CHL,2013,9.261876781921,3.30850824710085,1.7895555398459,2.35016,295.8577146188217,2.2259067043554044,LatAm,Chile
CHL,2014,8.09805824839011,1.79264947139259,4.71867527854671,2.53956,219.70552669796712,2.0916243105194066,LatAm,Chile
CHL,2015,5.51492732291402,2.15194249981184,4.34877353217044,2.138286852589641,234.19346118740475,1.707458474543207,LatAm,Chile
CHL,2016,5.58839657725206,1.753038749071,3.78619355893118,1.83744,256.78368244400554,1.7206924083203223,LatAm,Chile
CHL,2017,4.55285507889072,1.35769537343957,2.18271846868519,2.32948,191.54783451793404,1.5157545260395031,LatAm,Chile
CHL,2018,4.1780192502556,3.99002947789977,2.43488981353057,2.9112449799196787,158.6612300104169,1.429837270652625,LatAm,Chile
CHL,2019,,0.634367533828438,2.55754475703326,2.1414,143.64866233331344,,LatAm,Chile
CHL,2020,,-6.14347479224092,3.04549084804326,0.889203187250996,190.9359959090236,,LatAm,Chile
CHL,2021,,11.3149204879049,4.52456838259143,1.4468525896414344,291.4737504026659,,LatAm,Chile
CHL,2022,,2.15399356192458,11.6438667110559,2.9505622489959835,330.946009984252,,LatAm,Chile
CHL,2023,,0.521367977246825,7.58168251407962,3.959,169.67994797994373,,LatAm,Chile
GHA,1998,,4.70039078427911,14.6241666666675,5.26288,,,Africa,Ghana
GHA,1999,,4.39999682545296,4.86539785077528,5.646135458167331,,,Africa,Ghana
GHA,2000,,3.70000008164408,40.240933123914,6.030278884462151,,,Africa,Ghana
GHA,2001,,4.00000012807919,41.509496287803,5.0206854838709685,,,Africa,Ghana
GHA,2002,,4.49999955900331,9.36093239560313,4.61308,,,Africa,Ghana
GHA,2003,,5.200000133101,29.7729797160384,4.01388,,,Africa,Ghana
GHA,2004,,5.59999999077445,18.0427388232565,4.271319999999999,,,Africa,Ghana
GHA,2005,,5.90000381855104,15.4389920155908,4.28888,,,Africa,Ghana
GHA,2006,,6.39991260618034,11.6791839392492,4.795,,,Africa,Ghana
GHA,2007,,4.34681910440079,10.7342665456292,4.634661354581673,,,Africa,Ghana
GHA,2008,,9.14979893831817,16.494639613412,3.6642629482071714,,,Africa,Ghana
GHA,2009,,4.84448705175076,19.2469482220857,3.26412,,,Africa,Ghana
GHA,2010,,7.89971194051621,10.7333898354915,3.2150597609561755,,,Africa,Ghana
GHA,2011,,14.0471235803149,8.7284593709302,2.78164,,,Africa,Ghana
GHA,2012,,9.2927894063005,11.1863409441067,1.80344,,,Africa,Ghana
GHA,2013,,7.31252501678145,11.6661923071729,2.35016,,,Africa,Ghana
GHA,2014,,2.85624016330883,15.4896160333318,2.53956,,,Africa,Ghana
GHA,2015,,2.12075933817334,17.1499695007878,2.138286852589641,,,Africa,Ghana
GHA,2016,,3.37346574966936,17.4546347070868,1.83744,,,Africa,Ghana
GHA,2017,,8.12889488100956,12.3719215507048,2.32948,,,Africa,Ghana
GHA,2018,,6.20007768127284,7.80876516610703,2.9112449799196787,,,Africa,Ghana
GHA,2019,,6.5077747939152,7.14364003330857,2.1414,,,Africa,Ghana
GHA,2020,,0.513941670628171,9.88728956269944,0.889203187250996,,,Africa,Ghana
GHA,2021,,5.07646643533542,9.9710886750444,1.4468525896414344,,,Africa,Ghana
GHA,2022,,3.80484980952164,31.2558951049016,2.9505622489959835,,,Africa,Ghana
GHA,2023,,3.14009099763754,38.1069656296501,3.959,,,Africa,Ghana
IDN,1998,32.1541666666667,-13.1267254923818,58.4510413515526,5.26288,2689.1286666666697,3.470542043115613,Asia,Indonesia
IDN,1999,27.6625,0.79112608199847,20.4778324428892,5.646135458167331,2201.6364541832672,3.320077705377168,Asia,Indonesia
IDN,2000,18.455,4.9200677470169,3.68862037056682,6.030278884462151,1242.4721115537848,2.9153353364819616,Asia,Indonesia
IDN,2001,18.5475,3.64346644721492,11.5001160550887,5.0206854838709685,1352.6814516129032,2.920335009081544,Asia,Indonesia
IDN,2002,18.945,4.49947539085764,11.9001200338414,4.61308,1433.192,2.941540044470564,Asia,Indonesia
IDN,2003,16.935,4.78036912167654,6.75731256333564,4.01388,1292.112,2.829382486269735,Asia,Indonesia
IDN,2004,14.1241666666667,5.03087394501685,6.06406189133648,4.271319999999999,985.28466666667,2.647887278241965,Asia,Indonesia
IDN,2005,14.0508333333333,5.69257130383384,10.4532001873347,4.28888,976.19533333333,2.6426817060018863,Asia,Indonesia
IDN,2006,15.9791666666667,5.50095178520348,13.108670985346,4.795,1118.41666666667,2.7712857904593675,Asia,Indonesia
IDN,2007,13.8616666666667,6.34502222667214,6.40656087966005,4.634661354581673,922.7005312085026,2.629127236652544,Asia,Indonesia
IDN,2008,13.5983333333333,6.01370360009123,10.2266663272483,3.6642629482071714,993.407038512613,2.6099472362126512,Asia,Indonesia
IDN,2009,14.4983333333333,4.62887118256153,4.38641311792074,3.26412,1123.4213333333298,2.674033700291392,Asia,Indonesia
IDN,2010,13.2516666666667,6.22385418062366,5.13420639015885,3.2150597609561755,1003.6606905710524,2.5841233306853395,Asia,Indonesia
IDN,2011,12.4033333333333,6.16978420771008,5.35604849112582,2.78164,962.16933333333,2.5179652536904187,Asia,Indonesia
IDN,2012,11.795,6.03005065305615,4.2795142691943,1.80344,999.156,2.4676757128596383,Asia,Indonesia
IDN,2013,11.6575,5.5572636889101,6.41249457900391,2.35016,930.734,2.455949749700339,Asia,Indonesia
IDN,2014,12.605,5.006668425755,6.39492882396559,2.53956,1006.544,2.534093560639884,Asia,Indonesia
IDN,2015,12.6625,4.87632230022123,6.36312061196646,2.138286852589641,1052.4213147410358,2.5386448695748016,Asia,Indonesia
IDN,2016,11.8883333333333,5.03306918280177,3.52580452815451,1.83744,1005.08933333333,2.475557527061889,Asia,Indonesia
IDN,2017,11.0733333333333,5.06978590134916,3.80879857691949,2.32948,874.38533333333,2.4045398155170363,Asia,Indonesia
IDN,2018,10.5366666666667,5.17429153955024,3.19834755924996,2.9112449799196787,762.5421686747022,2.35486123755942,Asia,Indonesia
IDN,2019,10.3658333333333,5.01928768046282,3.03058460941661,2.1414,822.4433333333302,2.3385151414338696,Asia,Indonesia
IDN,2020,9.54416666666667,-2.06551182934165,1.91983527270793,0.889203187250996,865.4963479415674,2.255930147621625,Asia,Indonesia
IDN,2021,8.9225,3.70288562827751,1.56007882983334,1.4468525896414344,747.5647410358565,2.1885761763821785,Asia,Indonesia
IDN,2022,8.52,5.30719722664799,4.20946463714784,2.9505622489959835,556.9437751004016,2.1424163408412245,Asia,Indonesia
IDN,2023,8.92666666666667,5.04902331835997,3.66938654859761,3.959,496.766666666667,2.189043051594917,Asia,Indonesia
IND,1998,13.5416666666667,6.18441582172117,13.2308389767977,5.26288,827.87866666667,2.605771351981794,Asia,India
IND,1999,12.5416666666667,8.84575555939531,4.66982038037594,5.646135458167331,689.5531208499369,2.5290564344009328,Asia,India
IND,2000,12.2916666666667,3.84099115659129,4.0094359104519,6.030278884462151,626.1387782204549,2.508921525991877,Asia,India
IND,2001,12.0833333333333,4.82396626555771,3.77929312235637,5.0206854838709685,706.2647849462331,2.491827092632571,Asia,India
IND,2002,11.9166666666667,3.80397532112175,4.29715203929563,4.61308,730.3586666666699,2.4779379804719097,Asia,India
IND,2003,11.4583333333333,7.8603814759073,3.80585899528851,4.01388,744.4453333333299,2.438717267318623,Asia,India
IND,2004,10.9166666666667,7.92293661199932,3.76725173477515,4.271319999999999,664.5346666666701,2.3902906734131544,Asia,India
IND,2005,10.75,7.92343062148318,4.24634362031922,4.28888,646.112,2.374905754573672,Asia,India
IND,2006,11.1875,8.06073257166651,5.79652337561634,4.795,639.25,2.414797083600974,Asia,India
IND,2007,13.0208333333333,7.6608150670107,6.37288135593231,4.634661354581673,838.6171978751627,2.566550638828508,Asia,India
IND,2008,13.3125,3.08669805921981,8.34926704907581,3.6642629482071714,964.8237051792828,2.588703443469644,Asia,India
IND,2009,12.1875,7.86188883286074,10.8823529411764,3.26412,892.338,2.5004108363239657,Asia,India
IND,2010,8.33335,8.49758470221235,11.9893899204244,3.2150597609561755,511.8290239043824,2.120265536198091,Asia,India
IND,2011,10.1666666666667,5.24131619937695,8.91179336483371,2.78164,738.50266666667,2.3191143949452595,Asia,India
IND,2012,10.6041666666667,5.45638755166587,9.47899691419801,1.80344,880.07266666667,2.361247005642635,Asia,India
IND,2013,10.2916666666667,6.38610640094825,10.0178784746102,2.35016,794.15066666667,2.331334506280035,Asia,India
IND,2014,10.25,7.41022760508854,6.66565671867899,2.53956,771.044,2.327277705584417,Asia,India
IND,2015,10.0083333333333,7.99625378571471,4.90697344127256,2.138286852589641,787.004648074366,2.303418079297934,Asia,India
IND,2016,9.6725,8.25630550179086,4.94821634062141,1.83744,783.506,2.2692868075925308,Asia,India
IND,2017,9.50833333333333,6.79538341897911,3.32817337461298,2.32948,717.8853333333329,2.252168607080029,Asia,India
IND,2018,9.45416666666667,6.45385134497769,3.9388264669163,2.9112449799196787,654.292168674699,2.2464555614378505,Asia,India
IND,2019,9.46625,3.87143694070356,3.72950573539129,2.1414,732.485,2.2477328414458952,Asia,India
IND,2020,9.15,-5.77772470686801,6.62343677628535,0.889203187250996,826.0796812749005,2.21375387928743,Asia,India
IND,2021,8.69833333333333,9.68959249192875,5.13140747176369,1.4468525896414344,725.1480743691897,2.1631314364272667,Asia,India
IND,2022,8.56714285714286,7.60936497768895,6.69903414079852,2.9505622489959835,561.6580608146877,2.1479342881251053,Asia,India
IND,2023,,9.19075493028345,5.64914318907925,3.959,,,Asia,India
KOR,1998,15.2791666666667,-4.9389297463141,7.51358008079307,5.26288,1001.62866666667,2.726490244729337,Asia,"Korea, Rep."
KOR,1999,9.39583333333333,11.6172629559591,0.81295725444637,5.646135458167331,374.9697875165999,2.240266328594787,Asia,"Korea, Rep."
KOR,2000,8.545,9.2018583880479,2.25916580080157,6.030278884462151,173.3054448871182,2.1453463165675544,Asia,"Korea, Rep."
KOR,2001,7.70833333333333,4.72593560322356,4.06657587897792,5.0206854838709685,183.4314516129032,2.0423019947303787,Asia,"Korea, Rep."
KOR,2002,6.76916666666667,7.74399895319569,2.76226210296599,4.61308,197.35866666666652,1.9123779872748623,Asia,"Korea, Rep."
KOR,2003,6.23666666666667,3.07472661826947,3.51487451459939,4.01388,103.44533333333324,1.830445851617889,Asia,"Korea, Rep."
KOR,2004,5.90416666666667,5.1836368597334,3.59066298882578,4.271319999999999,45.701333333333416,1.7756583163486896,Asia,"Korea, Rep."
KOR,2005,5.59333333333333,4.35823667337156,2.75379162735039,4.28888,66.11200000000004,1.72157541237095,Asia,"Korea, Rep."
KOR,2006,5.9875,5.24500550580342,2.24234028518921,4.795,35.66666666666664,1.7896739627370335,Asia,"Korea, Rep."
KOR,2007,6.55166666666667,5.8419633918717,2.53457382137932,4.634661354581673,71.61719787516603,1.8797194702057145,Asia,"Korea, Rep."
KOR,2008,7.16833333333333,3.00440451679569,4.67389655533408,3.6642629482071714,190.40703851261628,1.9696731775675893,Asia,"Korea, Rep."
KOR,2009,5.64916666666667,0.81986175641795,2.7564965449393,3.26412,190.1713333333334,1.7315080416548745,Asia,"Korea, Rep."
KOR,2010,5.51166666666667,6.98166138853071,2.93928652655686,3.2150597609561755,155.8273572377158,1.706867057765647,Asia,"Korea, Rep."
KOR,2011,5.7575,3.6880320602952,4.0259650043609,2.78164,142.08599999999998,1.7505033527127032,Asia,"Korea, Rep."
KOR,2012,5.39583333333333,2.54766550568242,2.18707104433314,1.80344,164.40599999999995,1.6856270507916462,Asia,"Korea, Rep."
KOR,2013,4.64333333333333,3.2913959543442,1.30134754547413,2.35016,92.79233333333336,1.535432499123604,Asia,"Korea, Rep."
KOR,2014,4.26333333333333,3.21468019683108,1.27477446401322,2.53956,64.67733333333334,1.450051326922641,Asia,"Korea, Rep."
KOR,2015,3.53333333333333,2.92029267301234,0.70633177245575,2.138286852589641,16.746314741035874,1.2622417124499108,Asia,"Korea, Rep."
KOR,2016,3.3675,3.17152748983935,0.971685739912168,1.83744,-9.002333333333311,1.214170629302382,Asia,"Korea, Rep."
KOR,2017,3.47666666666666,3.433191763972,1.94433230786366,2.32948,-4.689666666666703,1.2460739803445695,Asia,"Korea, Rep."
KOR,2018,3.6625,3.17611568177327,1.47583935002645,2.9112449799196787,-40.84949799196784,1.2981459743431858,Asia,"Korea, Rep."
KOR,2019,3.44583333333333,2.31380210595475,0.383000303608136,2.1414,-43.91499999999999,1.237165771681699,Asia,"Korea, Rep."
KOR,2020,2.80166666666667,-0.700242317542106,0.537288023411737,0.889203187250996,61.04634794156705,1.0302144781924705,Asia,"Korea, Rep."
KOR,2021,2.88416666666667,4.61296795454287,2.49833333333339,1.4468525896414344,61.76474103585659,1.0592360078592538,Asia,"Korea, Rep."
KOR,2022,4.2925,2.72756456708991,5.08951365062842,2.9505622489959835,41.29377510040166,1.4568693137894937,Asia,"Korea, Rep."
KOR,2023,5.18916666666667,1.58301467403629,3.5974562502901,3.959,-31.66666666666669,1.6465731190963608,Asia,"Korea, Rep."
MUS,1998,19.9166666666667,6.07194017756214,6.81079323797193,5.26288,1465.37866666667,2.991556902143512,Africa,Mauritius
MUS,1999,21.625,2.61093234413026,6.90914624866773,5.646135458167331,1597.886454183267,3.073850052817943,Africa,Mauritius
MUS,2000,20.7708333333333,8.20279174865273,4.19928825622807,6.030278884462151,1474.0554448871148,3.0335497590539457,Africa,Mauritius
MUS,2001,21.1041666666667,3.34754072731407,5.38934426229508,5.0206854838709685,1608.3481182795729,3.049470493340794,Africa,Mauritius
MUS,2002,21.0,1.61491865862433,6.41933372221149,4.61308,1638.692,3.044522437723423,Africa,Mauritius
MUS,2003,21.0,5.92544548947731,3.92105357558188,4.01388,1698.612,3.044522437723423,Africa,Mauritius
MUS,2004,21.0,4.33001985464357,4.71037060105883,4.271319999999999,1672.8680000000002,3.044522437723423,Africa,Mauritius
MUS,2005,21.0416666666667,1.77754302034454,4.93717004981795,4.28888,1675.27866666667,3.046504598927416,Africa,Mauritius
MUS,2006,21.0833333333333,4.8655446077553,8.91350105650142,4.795,1628.8333333333298,3.048482838939518,Africa,Mauritius
MUS,2007,21.8741666666667,5.72701615981669,8.82729272393294,4.634661354581673,1723.9505312085023,3.085306336279942,Africa,Mauritius
MUS,2008,11.5416666666667,5.38696254207251,9.73228317146887,3.6642629482071714,787.7403718459528,2.445963675839396,Africa,Mauritius
MUS,2009,9.25,3.31507699790781,2.51609128145113,3.26412,598.588,2.224623551524334,Africa,Mauritius
MUS,2010,8.875,4.37720322344293,2.93236301369857,3.2150597609561755,565.9940239043824,2.18323833536148,Africa,Mauritius
MUS,2011,8.91666666666667,4.07753806610333,6.52249254869341,2.78164,613.502666666667,2.1879221846739063,Africa,Mauritius
MUS,2012,8.66666666666667,3.49611836470866,3.85216033315983,1.80344,686.3226666666669,2.159484249353373,Africa,Mauritius
MUS,2013,8.5,3.36040609974133,3.54329573934839,2.35016,614.984,2.1400661634962708,Africa,Mauritius
MUS,2014,8.5,3.82696982009337,3.21769191994684,2.53956,596.044,2.1400661634962708,Africa,Mauritius
MUS,2015,8.5,3.69055690369433,1.28654970760232,2.138286852589641,636.1713147410359,2.1400661634962708,Africa,Mauritius
MUS,2016,8.5,3.8624682634,0.977675134718965,1.83744,666.256,2.1400661634962708,Africa,Mauritius
MUS,2017,8.5,3.93798380632353,3.66699702675925,2.32948,617.052,2.1400661634962708,Africa,Mauritius
MUS,2018,8.5,4.00674057198549,3.2160538314457,2.9112449799196787,558.8755020080322,2.1400661634962708,Africa,Mauritius
MUS,2019,8.45,2.89128499346516,0.405655190309553,2.1414,630.8599999999999,2.134166441369082,Africa,Mauritius
MUS,2020,7.225,-14.5465381490166,2.5808007718283,0.889203187250996,633.5796812749004,1.977547233998496,Africa,Mauritius
MUS,2021,6.87083333333333,3.40379866177662,4.02852888157376,1.4468525896414344,542.3980743691895,1.927285399217607,Africa,Mauritius
MUS,2022,7.50416666666666,8.69306675264066,10.7737512242899,2.9505622489959835,455.3604417670677,2.015458421833964,Africa,Mauritius
MUS,2023,9.5,5.00791900868131,7.05298238454736,3.959,554.1,2.251291798606496,Africa,Mauritius
MYS,1998,12.1341666666667,-7.35941518817556,5.27034200348766,5.26288,687.1286666666699,2.4960251649348155,Asia,Malaysia
MYS,1999,8.56333333333333,6.13761201057692,2.74456130240604,5.646135458167331,291.7197875166,2.1474895224536823,Asia,Malaysia
MYS,2000,7.67333333333333,8.85886816969386,1.53474023697699,6.030278884462151,164.30544488711797,2.0377511146256264,Asia,Malaysia
MYS,2001,7.12666666666667,0.517675319192861,1.41678473206098,5.0206854838709685,210.5981182795701,1.9638436169287896,Asia,Malaysia
MYS,2002,6.52833333333334,5.39098830692797,1.80787246281536,4.61308,191.52533333333403,1.876151678449686,Asia,Malaysia
MYS,2003,6.30083333333333,5.7884992858875,1.08967632577286,4.01388,228.6953333333329,1.8406818997821777,Asia,Malaysia
MYS,2004,6.04583333333333,6.78343772370305,1.42127115937402,4.271319999999999,177.45133333333305,1.799369329542196,Asia,Malaysia
MYS,2005,5.9525,5.33213916141486,2.97507092684449,4.28888,166.362,1.7838112993788808,Asia,Malaysia
MYS,2006,6.48583333333333,5.5848470671515,3.60923564224389,4.795,169.08333333333303,1.869620311183296,Asia,Malaysia
MYS,2007,6.40916666666667,6.29878592740947,2.02735317779569,4.634661354581673,177.45053120849974,1.8577292572809627,Asia,Malaysia
MYS,2008,6.08,4.83176988913097,5.44078221100769,3.6642629482071714,241.57370517928288,1.805004695978076,Asia,Malaysia
MYS,2009,5.08416666666666,-1.51352871598714,0.583308405623702,3.26412,182.00466666666605,1.6261311353757597,Asia,Malaysia
MYS,2010,5.0,7.42484738326097,1.62285235577035,3.2150597609561755,178.49402390438246,1.6094379124341005,Asia,Malaysia
MYS,2011,4.915,5.29391283414003,3.1744709215131,2.78164,213.336,1.59229175359913,Asia,Malaysia
MYS,2012,4.78583333333333,5.47345419253853,1.66357102479206,1.80344,298.239333333333,1.565660165088204,Asia,Malaysia
MYS,2013,4.6498,4.69372252557893,2.10501231233612,2.35016,229.964,1.536824207921588,Asia,Malaysia
MYS,2014,4.587025,6.00672194558203,3.14299050879095,2.53956,204.7465,1.523231665785489,Asia,Malaysia
MYS,2015,4.565375,5.09153242155011,2.10438980238359,2.138286852589641,242.7088147410359,1.5185006574419646,Asia,Malaysia
MYS,2016,4.53106666666667,4.44978139761541,2.09056659525742,1.83744,269.36266666666705,1.510957379032215,Asia,Malaysia
MYS,2017,4.60807808641975,5.81272240983328,3.87120115774237,2.32948,227.859808641975,1.5278108690876304,Asia,Malaysia
MYS,2018,4.92844038461538,4.84308697634881,0.884709160571235,2.9112449799196787,201.7195404695701,1.595022585999753,Asia,Malaysia
MYS,2019,4.87689294871795,4.41318742129586,0.662891865764326,2.1414,273.54929487179504,1.5845083262548856,Asia,Malaysia
MYS,2020,3.94420769234615,-5.45684658426701,-1.1387021539305,0.889203187250996,305.5004505095154,1.3722480956850565,Asia,Malaysia
MYS,2021,3.44410640384615,3.31534954399166,2.47710241465447,1.4468525896414344,199.7253814204716,1.2366644815139418,Asia,Malaysia
MYS,2022,3.90802666666667,9.03173723044451,3.37869862549928,2.9505622489959835,95.74644176706865,1.363032557766946,Asia,Malaysia
MYS,2023,5.31737500641025,3.5370638041057,2.48886560125754,3.959,135.83750064102503,1.6709797617342246,Asia,Malaysia
NGA,1998,18.1841666666667,2.58125410192937,9.99637812386806,5.26288,1292.12866666667,2.900551252075039,Africa,Nigeria
NGA,1999,20.29,0.584126892918889,6.61837339479751,5.646135458167331,1464.3864541832668,3.010128153837724,Africa,Nigeria
NGA,2000,21.2741666666667,5.01593475931152,6.93329215565161,6.030278884462151,1524.3887782204552,3.0574935040879034,Africa,Nigeria
NGA,2001,23.4383333333333,5.91768464920371,18.8736462093863,5.0206854838709685,1841.7647849462328,3.1543728586541,Africa,Nigeria
NGA,2002,24.7708333333333,15.3291557409559,12.8765792031099,4.61308,2015.77533333333,3.2096668857828896,Africa,Nigeria
NGA,2003,20.7141666666667,7.34719496799492,14.0317836131437,4.01388,1670.0286666666698,3.030817846222311,Africa,Nigeria
NGA,2004,19.1808333333333,9.2505582291798,14.9980338183251,4.271319999999999,1490.95133333333,2.9539115165476004,Africa,Nigeria
NGA,2005,17.9483333333333,6.43851652538348,17.8634933661605,4.28888,1365.94533333333,2.8874972601127324,Africa,Nigeria
NGA,2006,16.8933333333333,6.05942803202906,8.22522152017047,4.795,1209.8333333333298,2.8269190667848267,Africa,Nigeria
NGA,2007,16.9391666666667,6.59113036068679,5.38800796858626,4.634661354581673,1230.4505312085028,2.829628494782872,Africa,Nigeria
NGA,2008,15.1358333333333,6.76447277780228,11.5810751748252,3.6642629482071714,1147.1570385126129,2.7170650009733497,Africa,Nigeria
NGA,2009,18.9908333333333,8.03692510099023,12.5378277304689,3.26412,1572.6713333333298,2.9439564066066777,Africa,Nigeria
NGA,2010,17.585,8.00565591628701,13.7400521363694,3.2150597609561755,1436.9940239043824,2.867046265925946,Africa,Nigeria
NGA,2011,16.02,5.30792420289453,10.8261371880017,2.78164,1323.836,2.773837941640213,Africa,Nigeria
NGA,2012,16.7916666666667,4.23006117493223,12.2242413020584,1.80344,1498.82266666667,2.8208827315987395,Africa,Nigeria
NGA,2013,16.7225,6.67133539306167,8.49551838265669,2.35016,1437.2340000000002,2.816755118010426,Africa,Nigeria
NGA,2014,16.5483333333333,6.30971865525431,8.04741087967907,2.53956,1400.87733333333,2.806285391817445,Africa,Nigeria
NGA,2015,16.8491666666667,2.65269329543001,9.00943498007706,2.138286852589641,1471.087981407706,2.824301199591212,Africa,Nigeria
NGA,2016,16.8680157641191,-1.61686894906509,15.6968126387972,1.83744,1503.0575764119098,2.8254192704415657,Africa,Nigeria
NGA,2017,17.5533333333333,0.805886619102438,16.5022662139641,2.32948,1522.38533333333,2.865243865400052,Africa,Nigeria
NGA,2018,16.9038969646886,1.92275734200614,12.0951065173432,2.9112449799196787,1399.265198476892,2.8275441849738705,Africa,Nigeria
NGA,2019,15.3765869808333,2.20842927714892,11.3964223378116,2.1414,1323.51869808333,2.7328460266315235,Africa,Nigeria
NGA,2020,13.6420216718796,-6.36889840510109,13.2460234276597,0.889203187250996,1275.2818484628606,2.6131548578458093,Africa,Nigeria
NGA,2021,11.4831327947137,1.10925253938163,16.9528457221608,1.4468525896414344,1003.6280205072268,2.4408792451888845,Africa,Nigeria
NGA,2022,12.3345442352326,4.31882949523192,18.8471877843274,2.9505622489959835,938.3981986236616,2.5124038003917284,Africa,Nigeria
NGA,2023,14.010553734975,3.32684556421316,24.659550203114,3.959,1005.1553734975,2.639810883834448,Africa,Nigeria
RWA,1998,15.7166666666667,8.85866949392693,6.2100670945581,5.26288,1045.37866666667,2.754721720411359,Africa,Rwanda
RWA,1999,16.3225,4.35188831936337,-2.40593209742259,5.646135458167331,1067.636454183267,2.7925445240786515,Africa,Rwanda
RWA,2000,16.4841666666667,8.37089593548548,3.89952980284712,6.030278884462151,1045.388778220455,2.802400324239986,Africa,Rwanda
RWA,2001,16.3541666666667,8.4845603416011,3.34285506749409,5.0206854838709685,1133.348118279573,2.79448270687452,Africa,Rwanda
RWA,2002,16.215,13.1920736254262,1.99258542453993,4.61308,1160.192,2.7859367397592814,Africa,Rwanda
RWA,2003,15.9925,2.20238751139603,7.44970014007366,4.01388,1197.862,2.7721198623421555,Africa,Rwanda
RWA,2004,15.9875,7.44766737034072,12.2507102894391,4.271319999999999,1171.6180000000002,2.7718071669049613,Africa,Rwanda
RWA,2005,15.7791666666667,9.3778991673686,9.01408918092339,4.28888,1149.0286666666702,2.7586905045598056,Africa,Rwanda
RWA,2006,15.8658333333333,9.22707576798881,8.88282654777923,4.795,1107.08333333333,2.764167950181583,Africa,Rwanda
RWA,2007,15.9991666666667,7.63329819125276,9.08072205873158,4.634661354581673,1136.4505312085023,2.772536637550066,Africa,Rwanda
RWA,2008,16.2516666666667,11.1612473247323,15.4382138709255,3.6642629482071714,1258.740371845953,2.788195467618974,Africa,Rwanda
RWA,2009,16.7233333333333,6.24825750620508,12.9443978401712,3.26412,1345.92133333333,2.81680494982805,Africa,Rwanda
RWA,2010,17.0008333333333,7.33465645006753,-0.246128693436934,3.2150597609561755,1378.5773572377125,2.8332623624626354,Africa,Rwanda
RWA,2011,16.6675,7.95838869847094,3.0801706924026,2.78164,1388.586,2.813460715510078,Africa,Rwanda
RWA,2012,16.7016666666667,8.64150815836322,10.2710182318876,1.80344,1489.82266666667,2.8155085148421843,Africa,Rwanda
RWA,2013,17.3191666666667,4.71984856978263,5.92426867984854,2.35016,1496.90066666667,2.8518137880429832,Africa,Rwanda
RWA,2014,17.2591666666667,6.16716615166932,2.35449052820358,2.53956,1471.96066666667,2.848343403300061,Africa,Rwanda
RWA,2015,17.3333333333333,8.8568555974538,2.52850284192421,2.138286852589641,1519.504648074366,2.852631429913316,Africa,Rwanda
RWA,2016,17.2916666666667,5.97074525431094,7.17434301982009,1.83744,1545.42266666667,2.850224689882755,Africa,Rwanda
RWA,2017,17.1708333333333,3.91817093628465,8.27953672260832,2.32948,1484.1353333333298,2.843212207996824,Africa,Rwanda
RWA,2018,16.9466666666667,8.51646722592409,-0.311210160390699,2.9112449799196787,1403.5421686747022,2.830071157653145,Africa,Rwanda
RWA,2019,16.5275,9.44738518613097,3.34787655037648,2.1414,1438.61,2.805025660225596,Africa,Rwanda
RWA,2020,16.345,-3.37368746369782,9.85039902274207,0.889203187250996,1545.5796812749004,2.7939220401761737,Africa,Rwanda
RWA,2021,16.1758333333333,10.8584320184896,-0.391346748300791,1.4468525896414344,1472.8980743691868,2.7835183588949977,Africa,Rwanda
RWA,2022,16.385,8.16120720872912,17.6892095588153,2.9505622489959835,1343.4437751004018,2.796366282150778,Africa,Rwanda
RWA,2023,16.0575,8.24990302014558,19.789546746467,3.959,1209.85,2.77617603014981,Africa,Rwanda
SEN,1998,,5.89847931769205,1.15678070391341,5.26288,,,Africa,Senegal
SEN,1999,,6.28330825030987,0.827250608272497,5.646135458167331,,,Africa,Senegal
SEN,2000,,3.88721095816793,0.731981981981597,6.030278884462151,,,Africa,Senegal
SEN,2001,,4.31085146618369,2.97450083919566,5.0206854838709685,,,Africa,Senegal
SEN,2002,,0.0686965747419066,2.33730187454299,4.61308,,,Africa,Senegal
SEN,2003,,5.59395094456143,-0.0519970242714495,4.01388,,,Africa,Senegal
SEN,2004,,4.64329393683312,0.514781781023016,4.271319999999999,,,Africa,Senegal
SEN,2005,7.04916666666667,4.31023852639633,1.71133325855502,4.28888,276.028666666667,1.952909406527924,Africa,Senegal
SEN,2006,4.73666666666667,2.33077098330239,2.11228583877117,4.795,-5.833333333333002,1.5553336534409004,Africa,Senegal
SEN,2007,4.75166666666667,2.82711920133374,5.85330428467681,4.634661354581673,11.700531208499676,1.5584954336965262,Africa,Senegal
SEN,2008,4.98416666666667,3.70316906391386,7.34720236578406,3.6642629482071714,131.9903718459499,1.6062662212684662,Africa,Senegal
SEN,2009,4.9775,2.75210448455053,-2.2480214785534,3.26412,171.33800000000002,1.6049277569562144,Africa,Senegal
SEN,2010,5.11333333333333,3.39088925336209,1.22868119673344,3.2150597609561755,189.82735723771543,1.6318515072709998,Africa,Senegal
SEN,2011,5.25591666666667,1.33409107961258,3.40322829786971,2.78164,247.42766666666705,1.659354426160628,Africa,Senegal
SEN,2012,5.03916666666667,4.00299555090457,1.41822871177854,1.80344,323.572666666667,1.617240724497122,Africa,Senegal
SEN,2013,5.2875,2.41238527605579,0.710245486695176,2.35016,293.734,1.6653455443723963,Africa,Senegal
SEN,2014,5.33833333333333,6.22407443790986,-1.09025507446895,2.53956,279.87733333333307,1.6749134943930113,Africa,Senegal
SEN,2015,5.15416666666667,6.36704365066983,0.135211933635165,2.138286852589641,301.5879814077029,1.6398054490504974,Africa,Senegal
SEN,2016,5.295,6.35606857181878,0.837284942557434,1.83744,345.756,1.6667629790533698,Africa,Senegal
SEN,2017,,7.4074861863013,1.31815314847789,2.32948,,,Africa,Senegal
SEN,2018,,6.20924103389086,0.460985642464188,2.9112449799196787,,,Africa,Senegal
SEN,2019,,4.61362809749708,1.76011151192939,2.1414,,,Africa,Senegal
SEN,2020,,1.3420737726679,2.54314685681662,0.889203187250996,,,Africa,Senegal
SEN,2021,,6.54400109964304,2.18032278088147,1.4468525896414344,,,Africa,Senegal
SEN,2022,,3.85043193735768,9.69681899081073,2.9505622489959835,,,Africa,Senegal
SEN,2023,,4.2574308328029,5.93947798773215,3.959,,,Africa,Senegal
SGP,1998,7.44166666666666,-2.19101500611274,-0.267502292876153,5.26288,217.878666666666,2.007094838094452,Asia,Singapore
SGP,1999,5.8,5.71837175710837,0.0167098337370727,5.646135458167331,15.386454183266896,1.7578579175523736,Asia,Singapore
SGP,2000,5.83333333333333,9.03831632555163,1.36162392448456,6.030278884462151,-19.69455511288203,1.763588592261358,Asia,Singapore
SGP,2001,5.64833333333333,-1.07086275100448,0.997197956155943,5.0206854838709685,62.76478494623614,1.7313605163909045,Asia,Singapore
SGP,2002,5.34583333333333,3.92336076702013,-0.391676866585049,4.61308,73.27533333333295,1.6763174412736443,Asia,Singapore
SGP,2003,5.30666666666667,4.54825542643229,0.507905300237551,4.01388,129.278666666667,1.668963891748128,Asia,Singapore
SGP,2004,5.3,9.93998268434957,1.66272719863072,4.271319999999999,102.86800000000004,1.667706820558076,Asia,Singapore
SGP,2005,5.3,7.36632239250758,0.425106276569107,4.28888,101.112,1.667706820558076,Asia,Singapore
SGP,2006,5.3125,9.00676607871758,0.965657519018511,4.795,51.75000000000001,1.6700625342505353,Asia,Singapore
SGP,2007,5.33,9.02151951268893,2.10980166714574,4.634661354581673,69.53386454183273,1.673351238177753,Asia,Singapore
SGP,2008,5.38,1.86348345462035,6.63544058395309,3.6642629482071714,171.57370517928285,1.682688374173693,Asia,Singapore
SGP,2009,5.38,0.127953382778088,0.589142019610516,3.26412,211.588,1.682688374173693,Asia,Singapore
SGP,2010,5.38,14.5197497108994,2.82884527612958,3.2150597609561755,216.49402390438243,1.682688374173693,Asia,Singapore
SGP,2011,5.38,6.21493416858989,5.25115624639373,2.78164,259.836,1.682688374173693,Asia,Singapore
SGP,2012,5.38,4.43549759378537,4.58084479423094,1.80344,357.65599999999995,1.682688374173693,Asia,Singapore
SGP,2013,5.38,4.81763099120676,2.36439793742726,2.35016,302.98400000000004,1.682688374173693,Asia,Singapore
SGP,2014,5.35,3.93554027709007,1.03316955857629,2.53956,281.044,1.6770965609079151,Asia,Singapore
SGP,2015,5.35,2.97679931634806,-0.521975611895763,2.138286852589641,321.1713147410358,1.6770965609079151,Asia,Singapore
SGP,2016,5.35,3.74757848792792,-0.529809760375464,1.83744,351.256,1.6770965609079151,Asia,Singapore
SGP,2017,5.28,4.47689915845876,0.576763191179996,2.32948,295.052,1.6639260977181702,Asia,Singapore
SGP,2018,5.33,3.4519759658687,0.438784215129623,2.9112449799196787,241.87550200803213,1.673351238177753,Asia,Singapore
SGP,2019,5.25,1.30804118153127,0.567829988405447,2.1414,310.86,1.6582280766035324,Asia,Singapore
SGP,2020,5.25,-3.81470885510713,-0.172111865925382,0.889203187250996,436.0796812749004,1.6582280766035324,Asia,Singapore
SGP,2021,5.25,9.7568044629903,2.31610315765146,1.4468525896414344,380.31474103585657,1.6582280766035324,Asia,Singapore
SGP,2022,,4.10800021897151,6.13095418919732,2.9505622489959835,,,Asia,Singapore
SGP,2023,,1.82140694115385,4.83372362825798,3.959,,,Asia,Singapore
ZMB,1998,31.8,-0.38574614579035,24.4584563516656,5.26288,2653.712,3.459466289786131,Africa,Zambia
ZMB,1999,40.5166666666667,4.6501897463741,26.7876966790029,5.646135458167331,3487.0531208499374,3.701713412094024,Africa,Zambia
ZMB,2000,38.8,3.89732294341896,26.0304117888121,6.030278884462151,3276.972111553785,3.658420246629228,Africa,Zambia
ZMB,2001,46.2333333333333,5.31686827418419,21.3937821792546,5.0206854838709685,4121.264784946233,3.8337010386526753,Africa,Zambia
ZMB,2002,45.1980166666667,4.50601428032604,22.2333446430947,4.61308,4058.493666666671,3.8110532068194254,Africa,Zambia
ZMB,2003,40.5710333333333,6.94497398221223,21.4015783901995,4.01388,3655.7153333333295,3.703054347274403,Africa,Zambia
ZMB,2004,30.7271,7.03239511515218,17.9677891087286,4.271319999999999,2645.578,3.4251450013670737,Africa,Zambia
ZMB,2005,28.2091666666667,7.23559900655543,18.324439701174,4.28888,2392.0286666666702,3.3396469842254604,Africa,Zambia
ZMB,2006,23.1533333333333,7.90369444480079,9.01957247226486,4.795,1835.8333333333296,3.1421387586478167,Africa,Zambia
ZMB,2007,18.8908333333333,8.35243624447406,10.6573496000153,4.634661354581673,1425.617197875163,2.938676795592432,Africa,Zambia
ZMB,2008,19.0641666666667,7.77389581542363,12.4455793463192,3.6642629482071714,1539.990371845953,2.9478104822396936,Africa,Zambia
ZMB,2009,22.0625,9.2203484058663,13.3952546325895,3.26412,1879.838,3.0938793346935154,Africa,Zambia
ZMB,2010,20.9166666666667,10.2982233241213,8.50176133365265,3.2150597609561755,1770.1606905710523,3.0405462893437853,Africa,Zambia
ZMB,2011,18.8366666666667,5.56925219263019,6.4293968107234,2.78164,1605.5026666666702,2.935805324973644,Africa,Zambia
ZMB,2012,12.1508333333333,7.59738104901994,6.57589970757698,1.80344,1034.7393333333298,2.49739775454019,Africa,Zambia
ZMB,2013,9.52083333333333,5.05753695047252,6.97767605490307,2.35016,717.0673333333331,2.253482379986313,Africa,Zambia
ZMB,2014,11.5733333333333,4.69328316376705,7.80687553566333,2.53956,903.37733333333,2.448703601124037,Africa,Zambia
ZMB,2015,13.25,2.92037511217961,10.1105928909618,2.138286852589641,1111.171314741036,2.583997552432231,Africa,Zambia
ZMB,2016,15.5,3.75510031678988,17.8697300795268,1.83744,1366.256,2.740840023925201,Africa,Zambia
ZMB,2017,12.375,3.52586277149926,6.57731154205644,2.32948,1004.552,2.515678308454754,Africa,Zambia
ZMB,2018,9.79166666666667,4.03449389667165,7.4945719272852,2.9112449799196787,688.042168674699,2.2815316837962136,Africa,Zambia
ZMB,2019,10.2916666666667,1.44130602603785,9.15031644316296,2.1414,815.0266666666699,2.331334506280035,Africa,Zambia
ZMB,2020,9.47916666666667,-2.78505506545167,15.7330604721369,0.889203187250996,858.9963479415675,2.24909640804306,Africa,Zambia
ZMB,2021,,6.23492204726448,22.0207676245777,1.4468525896414344,,,Africa,Zambia
ZMB,2022,,5.21122360356247,10.9932039209136,2.9505622489959835,,,Africa,Zambia
ZMB,2023,,5.36794285493059,10.884531691282,3.959,,,Africa,Zambia
ZWE,1998,,2.88529516415583,,5.26288,,,Africa,Zimbabwe
ZWE,1999,,-0.817895267295725,,5.646135458167331,,,Africa,Zimbabwe
ZWE,2000,,-3.05911780575599,,6.030278884462151,,,Africa,Zimbabwe
ZWE,2001,,1.43951727721958,,5.0206854838709685,,,Africa,Zimbabwe
ZWE,2002,,-8.89401285792752,,4.61308,,,Africa,Zimbabwe
ZWE,2003,,-16.9950733355763,,4.01388,,,Africa,Zimbabwe
ZWE,2004,,-5.80753964196205,,4.271319999999999,,,Africa,Zimbabwe
ZWE,2005,,-5.71112541241364,,4.28888,,,Africa,Zimbabwe
ZWE,2006,,-3.46140290336963,,4.795,,,Africa,Zimbabwe
ZWE,2007,,-3.653250914872,,4.634661354581673,,,Africa,Zimbabwe
ZWE,2008,,-17.6689987958491,,3.6642629482071714,,,Africa,Zimbabwe
ZWE,2009,,13.2720546167979,,3.26412,,,Africa,Zimbabwe
ZWE,2010,,19.6754077019323,3.02267002518892,3.2150597609561755,,,Africa,Zimbabwe
ZWE,2011,,14.1939156801139,3.4661297281749,2.78164,,,Africa,Zimbabwe
ZWE,2012,11.5966666666667,16.6654290410337,3.72532666110646,1.80344,979.32266666667,2.450717700495744,Africa,Zimbabwe
ZWE,2013,9.74,1.98948554025198,1.63495041543822,2.35016,738.984,2.276241117654444,Africa,Zimbabwe
ZWE,2014,9.4675,2.37698561663417,-0.19778481012661,2.53956,692.794,2.247864880793813,Africa,Zimbabwe
ZWE,2015,8.54177133537791,1.77985356392176,-2.43096842383404,2.138286852589641,640.3484482788268,2.144968402613286,Africa,Zimbabwe
ZWE,2016,7.11333333333333,0.75579405855224,-1.54366960054161,1.83744,527.589333333333,1.961970957205497,Africa,Zimbabwe
ZWE,2017,6.91416666666666,4.73441117758482,0.893962316050027,2.32948,458.468666666666,1.9335724468881927,Africa,Zimbabwe
ZWE,2018,7.13166666666667,5.00992154297603,10.6188658669575,2.9112449799196787,422.0421686746992,1.964544961200671,Africa,Zimbabwe
ZWE,2019,16.1816666666667,-6.33244976028571,255.304990757856,2.1414,1404.02666666667,2.783878914154001,Africa,Zimbabwe
ZWE,2020,33.0083333333333,-7.81695060188729,557.201817362051,0.889203187250996,3211.91301460823,3.4967600548398696,Africa,Zimbabwe
ZWE,2021,45.4766666666667,8.46801676808001,98.5461050920624,1.4468525896414344,4402.981407702527,3.8171993739066736,Africa,Zimbabwe
ZWE,2022,131.813333333333,6.13926327570213,104.705170628667,2.9505622489959835,12886.2771084337,4.881386780330591,Africa,Zimbabwe
ZWE,2023,170.293833333333,5.3508687909833,,3.959,16633.4833333333,5.137525376404291,Africa,Zimbabwe
ARG,1990,,-2.46721377810472,,,,,Other,Argentina
CHN,1990,9.36,3.9416305983694,3.05229012075233,,,2.2364452904895007,Other,China
GTM,1990,,3.10256317557587,41.2218671380973,,,,Other,Guatemala
HKG,1990,10.0,3.83051133487089,10.4265402843602,,,2.302585092994046,Other,Hong Kong
ITA,1990,14.85225,1.98577491758405,6.456609061464,,,2.6981513689229626,Other,Italy
MEX,1990,,5.25004329944582,26.6516725646771,,,,Other,Mexico
PER,1990,4260.01415900994,-4.98256353646605,7481.66361124526,,,8.357027762969146,Other,Peru
PHL,1990,24.1180833333333,3.08267252855887,12.1773522064946,,,3.1829619049094187,Other,Philippines
ROU,1990,,,,,,,Other,Romania
THA,1990,14.4166666666667,11.1671634446293,5.86399474375828,,,2.6683849447097807,Other,Thailand
VNM,1990,,5.10091813908369,,,,,Other,Vietnam
ZAF,1990,21.0,-0.317760426540374,14.3209918914915,,,3.044522437723423,Other,South Africa
ARG,1991,,9.13311056738961,,,,,Other,Argentina
CHN,1991,8.64,9.36170212784847,3.55668565220452,,,2.1564025828159643,Other,China
GTM,1991,,3.65824875006811,33.1664219167535,,,,Other,Guatemala
HKG,1991,9.41666666666667,5.70196943141934,11.1587982832617,,,2.2424811689243405,Other,Hong Kong
ITA,1991,14.6664166666667,1.53844759206665,6.24999929790291,,,2.6855602996503327,Other,Italy
MEX,1991,,3.97590497138043,22.662359455061,,,,Other,Mexico
PER,1991,670.534208256702,2.2192591027909,409.530166622023,,,6.508074720445962,Other,Peru
PHL,1991,23.0735833333333,-0.436390080533428,19.2614585266282,,,3.1386883844991695,Other,Philippines
ROU,1991,,-12.9182107298211,230.622494900178,,,,Other,Romania
THA,1991,15.3958333333333,8.5582603212423,5.70985259891396,,,2.7340969100403085,Other,Thailand
VNM,1991,,5.96084393218912,,,,,Other,Vietnam
ZAF,1991,20.3125,-1.0182449675445,15.3347785733672,,,3.011236460089956,Other,South Africa
ARG,1992,,7.93729155643076,,,,,Other,Argentina
CHN,1992,8.64,14.2996108947926,6.35398134024868,,,2.1564025828159643,Other,China
GTM,1992,,4.83833884688683,10.0459179984088,,,,Other,Guatemala
HKG,1992,7.33333333333333,6.23495995728777,9.65250965250966,,,1.9924301646902058,Other,Hong Kong
ITA,1992,16.5239166666667,0.834275417393798,5.2705899859293,,,2.804808826352272,Other,Italy
MEX,1992,,3.56861354412243,15.5078962533573,,,,Other,Mexico
PER,1992,148.142730887809,-0.540509124723926,73.5282942442641,,,4.998176206921839,Other,Peru
PHL,1992,19.4790833333333,0.417629066097945,8.65100357865265,,,2.969341240296777,Other,Philippines
ROU,1992,,-8.7672284522824,211.205587610082,,,,Other,Romania
THA,1992,12.1666666666667,8.08338802345332,4.13914575077056,,,2.4986999719203387,Other,Thailand
VNM,1992,,8.64604745934572,,,,,Other,Vietnam
ZAF,1992,18.9058333333333,-2.13703284500521,13.874703748615,,,2.9394705164207675,Other,South Africa
ARG,1993,,8.20697907221228,,,,,Other,Argentina
CHN,1993,10.98,13.9290780143689,14.6100786356602,,,2.3960754360813845,Other,China
GTM,1993,,3.92713194504024,11.8196901746257,,,,Other,Guatemala
HKG,1993,6.5,6.20112526967796,8.80281690140857,,,1.8718021769015913,Other,Hong Kong
ITA,1993,14.6278333333333,-0.852805731913904,4.62673468331298,,,2.682926106547992,Other,Italy
MEX,1993,18.225,2.86699945461075,9.75146045357553,,,2.902794277894722,Other,Mexico
PER,1993,94.2383333333333,5.24357700773291,48.5799864468885,,,4.545827034404501,Other,Peru
PHL,1993,14.68275,2.181889985613,6.71631104109973,,,2.6866733353426246,Other,Philippines
ROU,1993,86.4,1.52883449664077,255.166861826698,,,4.45898767581001,Other,Romania
THA,1993,11.1666666666667,8.25191591524627,3.31219168428468,,,2.412933150162914,Other,Thailand
VNM,1993,32.1825,8.07273065739605,,,,3.4714228265516525,Other,Vietnam
ZAF,1993,16.1583333333333,1.23355793864741,9.71742729803028,,,2.7824359124606035,Other,South Africa
ARG,1994,,5.83620070368526,,,,,Other,Argentina
CHN,1994,10.98,13.0727091631599,24.2569897243361,,,2.3960754360813845,Other,China
GTM,1994,,4.03374149641458,10.8553211494391,,,,Other,Guatemala
HKG,1994,7.375,6.0360512473774,8.73786407766985,,,1.9980959022258835,Other,Hong Kong
ITA,1994,11.9838333333333,2.15102367074849,4.05184218065716,,,2.48355851924602,Other,Italy
MEX,1994,19.3,4.39412788764169,6.96581237191123,,,2.9601050959108397,Other,Mexico
PER,1994,55.3475,12.3083661848445,23.7369050565046,,,4.013631491016243,Other,Peru
PHL,1994,15.0568333333333,4.37366591819077,10.3864734299517,,,2.711831930230916,Other,Philippines
ROU,1994,90.3916666666667,3.93194272962506,136.759392815441,,,4.504152080258172,Other,Romania
THA,1994,10.8958333333333,7.99702466720433,5.04774897680755,,,2.388380453157029,Other,Thailand
VNM,1994,,8.83898095245374,,,,,Other,Vietnam
ZAF,1994,15.5833333333333,3.20000000297172,8.938563723594,,,2.7462019670665843,Other,South Africa
ARG,1995,,-2.84520961057079,,,,,Other,Argentina
CHN,1995,12.06,11.0328121562746,16.7912251650916,,,2.4898941912990393,Other,China
GTM,1995,,4.94854750210382,8.41141312270566,,,,Other,Guatemala
HKG,1995,8.89583333333334,2.37380672369116,9.07738095238091,,,2.185583002320734,Other,Hong Kong
ITA,1995,13.236,2.88683671925843,5.23542258044301,,,2.582940390059366,Other,Italy
MEX,1995,59.4316666666667,-5.91029962358286,34.9992712889592,,,4.084827193182994,Other,Mexico
PER,1995,36.155,7.41139504735119,11.1287029707089,,,3.5878152516269153,Other,Peru
PHL,1995,14.6821666666667,4.62522511739661,6.83199610989534,,,2.6866336053927666,Other,Philippines
ROU,1995,50.7166666666666,6.23351148371351,32.2424847257597,,,3.926254587674869,Other,Romania
THA,1995,13.25,8.12031534625378,5.81818181818192,,,2.583997552432231,Other,Thailand
VNM,1995,,9.54048017491264,,,,,Other,Vietnam
ZAF,1995,17.8958333333333,3.10000000054411,8.68042421392631,,,2.8845679110763625,Other,South Africa
ARG,1996,,5.52668982715234,,,,,Other,Argentina
CHN,1996,10.08,9.97619992053447,8.31316028893908,,,2.3105532626432224,Other,China
GTM,1996,,2.95777988740716,11.0569165321987,,,,Other,Guatemala
HKG,1996,8.52083333333333,4.25843711528601,6.27557980900412,,,2.1425141451349106,Other,Hong Kong
ITA,1996,12.8183333333333,1.34558477192847,4.0069766898104,,,2.550876437840905,Other,Italy
MEX,1996,36.3858333333334,6.21829715869302,34.3783832235168,,,3.594179504747807,Other,Mexico
PER,1996,31.5333333333333,2.79897307912609,11.5379424115177,,,3.4510451873897217,Other,Peru
PHL,1996,14.83975,5.8603478716379,7.4761037778791,,,2.6973093912361468,Other,Philippines
ROU,1996,55.1333333333333,3.90770208816159,38.8293013382852,,,4.009754493921481,Other,Romania
THA,1996,13.3958333333333,5.65194446499471,5.80510554737349,,,2.594943713329726,Other,Thailand
VNM,1996,20.1,9.34001749939179,5.67499999999994,,,3.0007198150650303,Other,Vietnam
ZAF,1996,19.5208333333333,4.29999999726792,7.35411972085333,,,2.9714822713305296,Other,South Africa
ARG,1997,,8.1110467707457,,,,,Other,Argentina
CHN,1997,8.64,9.2876465280865,2.78646505531881,,,2.1564025828159643,Other,China
GTM,1997,18.6375,4.36408994678341,9.23290294884935,,,2.925175680090857,Other,Guatemala
HKG,1997,8.89583333333333,5.09978939593832,5.77663671373521,,,2.185583002320733,Other,Hong Kong
ITA,1997,10.5094833333333,1.92572122608527,2.04310779750136,,,2.3522780241498813,Other,Italy
MEX,1997,22.14,7.19887615284711,20.6256287259247,,,3.0973859272804907,Other,Mexico
PER,1997,30.9116666666667,6.47682442079709,8.56218948953653,,,3.431133674673142,Other,Peru
PHL,1997,16.27575,5.18641167406165,5.59025939650601,,,2.789676269982155,Other,Philippines
ROU,1997,72.525,-4.8490627379703,154.763480436309,,,4.2839313300074675,Other,Romania
THA,1997,13.6458333333333,-2.75357515314082,5.62579747129104,,,2.6134342247273588,Other,Thailand
VNM,1997,14.4166666666667,8.1520841433542,3.20952606261374,,,2.6683849447097807,Other,Vietnam
ZAF,1997,20.0,2.60000000146347,8.59777611252274,,,2.995732273553991,Other,South Africa
ARG,1998,,3.85017885156228,,5.26288,,,Other,Argentina
CHN,1998,6.39,7.92079207933551,-0.773186011549318,5.26288,112.71199999999996,1.8547342683894434,Other,China
GTM,1998,16.5641666666667,4.99352780305848,6.61346070518058,5.26288,1130.1286666666701,2.8072417276145094,Other,Guatemala
HKG,1998,9.89583333333334,-5.88264500371425,2.91262135922399,5.26288,463.29533333333393,2.292113793126751,Other,Hong Kong
ITA,1998,8.64310833333333,1.8043732818638,1.95508557719381,5.26288,338.02283333333304,2.1567622789200325,Other,Italy
MEX,1998,26.3583333333333,6.18507893082885,15.9283950119353,5.26288,2109.54533333333,3.2717844805236016,Other,Mexico
PER,1998,32.6266666666667,-0.391537555833821,7.24782175213469,5.26288,2736.37866666667,3.485129949906362,Other,Peru
PHL,1998,16.7774166666667,-0.514090599541888,9.23493432267121,5.26288,1151.45366666667,2.820033736068272,Other,Philippines
ROU,1998,55.3166666666667,-2.02981290571721,59.0965827541167,5.26288,5005.378666666669,4.013074249497874,Other,Romania
THA,1998,14.4166666666667,-7.63403528600102,7.9947287502746,5.26288,915.37866666667,2.6683849447097807,Other,Thailand
VNM,1998,14.4,5.76445545848843,7.2661980440096,5.26288,913.712,2.667228206581955,Other,Vietnam
ZAF,1998,21.7916666666667,0.50000000034143,6.88054521037351,5.26288,1652.8786666666701,3.081527633716979,Other,South Africa
ARG,1999,,-3.38545704063269,,5.646135458167331,,,Other,Argentina
CHN,1999,5.85,7.7370030581299,-1.40147268276464,5.646135458167331,20.386454183266878,1.766441661243765,Other,China
GTM,1999,19.5116666666667,3.8470621889051,5.21361058601122,5.646135458167331,1386.5531208499367,2.9710125772635276,Other,Guatemala
HKG,1999,8.5,2.50675994648854,-4.00943396226445,5.646135458167331,285.3864541832669,2.1400661634962708,Other,Hong Kong
ITA,1999,6.345525,1.67799157943422,1.66345995007714,5.646135458167331,69.93895418326694,1.8477498400601793,Other,Italy
MEX,1999,23.7425,2.75503039300564,16.5856169707538,5.646135458167331,1809.636454183267,3.1672666911349707,Other,Mexico
PER,1999,35.0566666666667,1.49491064308833,3.46965996293019,5.646135458167331,2941.053120849937,3.5569657998638284,Other,Peru
PHL,1999,11.77625,3.34645118398267,5.93904901780808,5.646135458167331,613.0114541832668,2.4660847913807404,Other,Philippines
ROU,1999,65.6416666666667,-0.376660705758994,45.8037811326363,5.646135458167331,5999.553120849937,4.1842106569212785,Other,Romania
THA,1999,8.97916666666667,4.57230775115542,0.284726459223034,5.646135458167331,333.30312084993386,2.194907079195857,Other,Thailand
VNM,1999,12.7,4.77358688344989,4.11710235771736,5.646135458167331,705.3864541832669,2.5416019934645457,Other,Vietnam
ZAF,1999,18.0,2.39999999746338,5.18148905111697,5.646135458167331,1235.386454183267,2.8903717578961645,Other,South Africa
ARG,2000,,-0.78899893905691,,6.030278884462151,,,Other,Argentina
CHN,2000,5.85,8.58643201808462,0.347811226864586,6.030278884462151,-18.0278884462151,1.766441661243765,Other,China
GTM,2000,20.8816666666667,3.6088687174876,5.97757734737136,6.030278884462151,1485.138778220455,3.038871581029408,Other,Guatemala
HKG,2000,9.27083333333333,7.6634341189713,-3.68550368550369,6.030278884462151,324.05544488711797,2.226873271258349,Other,Hong Kong
ITA,2000,7.02274166666667,3.88209885062652,2.53768532095002,6.030278884462151,99.24627822045196,1.9491536925998223,Other,Italy
MEX,2000,16.9283333333333,5.02928399378261,9.49156149435403,6.030278884462151,1089.8054448871148,2.8289887467233528,Other,Mexico
PER,2000,29.9958333333333,2.69437139806912,3.75733833344474,6.030278884462151,2396.5554448871153,3.4010584831273105,Other,Peru
PHL,2000,10.90725,4.38250500083399,3.9771250324928,6.030278884462151,487.6971115537849,2.3894277057437923,Other,Philippines
ROU,2000,53.85,2.4612634592269,45.6665940440238,6.030278884462151,4781.972111553785,3.9862024036023977,Other,Romania
THA,2000,7.83333333333333,4.45524704335014,1.59196917460972,6.030278884462151,180.30544488711797,2.058388132482003,Other,Thailand
VNM,2000,10.55,6.78731640463151,-1.71033727851109,6.030278884462151,451.972111553785,2.3561258599220753,Other,Vietnam
ZAF,2000,14.5,4.20000000067826,5.33895913599828,6.030278884462151,846.9721115537849,2.6741486494265287,Other,South Africa
ARG,2001,,-4.40883968258557,,5.0206854838709685,,,Other,Argentina
CHN,2001,5.85,8.31263887091522,0.719125609120113,5.0206854838709685,82.93145161290312,1.766441661243765,Other,China
GTM,2001,18.9575,2.33257486608854,7.28587366610138,5.0206854838709685,1393.6814516129032,2.9421996315929535,Other,Guatemala
HKG,2001,6.84375,0.560861638399899,-1.65816326530609,5.0206854838709685,182.30645161290315,1.9233358270167742,Other,Hong Kong
ITA,2001,7.28775,2.00643329837733,2.78516542713554,5.0206854838709685,226.70645161290315,1.986194856405521,Other,Italy
MEX,2001,12.795,-0.450845253215945,6.36773806235037,5.0206854838709685,777.4314516129032,2.549054469611752,Other,Mexico
PER,2001,24.9783333333333,0.617892325624297,1.97709878502053,5.0206854838709685,1995.7647849462332,3.2180087824288486,Other,Peru
PHL,2001,12.4015833333333,3.04923134463486,5.34550195567142,5.0206854838709685,738.0897849462331,2.5178241526315905,Other,Philippines
ROU,2001,45.4,5.21813625673708,34.4770123493527,5.0206854838709685,4037.931451612903,3.8155121050473024,Other,Romania
THA,2001,7.27083333333333,3.44424900968372,1.62690887314091,5.0206854838709685,225.0147849462362,1.9838709112945359,Other,Thailand
VNM,2001,9.42,6.19289331233377,-0.43154451172818,5.0206854838709685,439.9314516129032,2.2428350885882717,Other,Vietnam
ZAF,2001,13.7708333333333,2.70000000019104,5.70189483049608,5.0206854838709685,875.0147849462331,2.622552828943793,Other,South Africa
ARG,2002,,-10.8944848285903,,4.61308,,,Other,Argentina
CHN,2002,5.31,9.24339326638321,-0.731970902350243,4.61308,69.69199999999995,1.6695918352538475,Other,China
GTM,2002,16.8641666666667,3.83928708556792,8.13263054281054,4.61308,1225.1086666666702,2.8251910552955697,Other,Guatemala
HKG,2002,5.10416666666667,1.65668551983116,-2.98313878080415,4.61308,49.108666666666956,1.6300571996368367,Other,Hong Kong
ITA,2002,6.53650833333333,0.26992966378873,2.46532319171165,4.61308,192.34283333333303,1.877403128911236,Other,Italy
MEX,2002,8.21083333333333,-0.236588001922641,5.03072733151295,4.61308,359.775333333333,2.1054544205463825,Other,Mexico
PER,2002,20.7653572885806,5.45352893818767,0.193135003853722,4.61308,1615.22772885806,3.0332860832231856,Other,Peru
PHL,2002,9.1385,3.71625500158383,2.72277227722765,4.61308,452.54200000000003,2.2124962582123597,Other,Philippines
ROU,2002,35.425,5.70299165043771,22.5398862605386,4.61308,3081.1919999999996,3.567417785576744,Other,Romania
THA,2002,,6.14903605210036,0.697308976625449,4.61308,,,Other,Thailand
VNM,2002,9.06166666666667,6.32082099160833,3.83082838168467,4.61308,444.8586666666669,2.2040530619297747,Other,Vietnam
ZAF,2002,15.75,3.70037440406668,9.494713780996,4.61308,1113.692,2.7568403652716422,Other,South Africa
ARG,2003,,8.83704079576924,,4.01388,,,Other,Argentina
CHN,2003,5.31,10.1181928640117,1.12760348729637,4.01388,129.61199999999994,1.6695918352538475,Other,China
GTM,2003,14.9783333333333,2.56037766801896,5.60347675434469,4.01388,1096.44533333333,2.706604712442225,Other,Guatemala
HKG,2003,5.0,3.05632955101336,-2.67379679144394,4.01388,98.61199999999997,1.6094379124341003,Other,Hong Kong
ITA,2003,5.83035,0.0665538088732092,2.6725555277285,4.01388,181.647,1.7630770328657315,Other,Italy
MEX,2003,7.0225,1.18554486709559,4.54690012118718,4.01388,300.86199999999997,1.9491192799962618,Other,Mexico
PER,2003,21.0156649712755,4.16502313666112,2.25937753363072,4.01388,1700.1784971275497,3.0452681106533674,Other,Peru
PHL,2003,9.47166666666667,5.08691113513073,2.28915662650607,4.01388,545.7786666666669,2.2483048860809753,Other,Philippines
ROU,2003,25.435,2.34114732919521,15.2734889936255,4.01388,2142.1119999999996,3.2361261782747284,Other,Romania
THA,2003,,7.18924330340971,1.80434994635721,4.01388,,,Other,Thailand
VNM,2003,9.48,6.89906349055258,3.23464817293927,4.01388,546.612,2.2491843162669305,Other,Vietnam
ZAF,2003,14.9583333333333,2.94907546754213,5.67942414068799,4.01388,1094.44533333333,2.705268558140331,Other,South Africa
ARG,2004,,9.02957330068152,,4.271319999999999,,,Other,Argentina
CHN,2004,5.58,10.1314073631003,3.82463743108159,4.271319999999999,130.86800000000008,1.7191887763932197,Other,China
GTM,2004,13.8108333333333,3.13791683609193,7.57862247309729,4.271319999999999,953.95133333333,2.6254533083474496,Other,Guatemala
HKG,2004,5.02083333333333,8.70010092519611,-0.274725274725253,4.271319999999999,74.95133333333311,1.6135959225827634,Other,Hong Kong
ITA,2004,5.50616666666667,1.4740217064723,2.20673661423657,4.271319999999999,123.48466666666704,1.7058686762707642,Other,Italy
MEX,2004,7.43833333333333,3.56544100946846,4.68840884843143,4.271319999999999,316.7013333333331,2.006646809413123,Other,Mexico
PER,2004,24.6745640588226,4.95820320611745,3.66247320092233,4.271319999999999,2040.3244058822602,3.2057729178411907,Other,Peru
PHL,2004,10.079,6.56922851180626,4.82921083627795,4.271319999999999,580.7680000000001,2.3104540513727407,Other,Philippines
ROU,2004,25.6125,10.4281130180976,11.8743635936399,4.271319999999999,2134.118,3.243080513565018,Other,Romania
THA,2004,4.55308715722008,6.28934214285795,2.7591492623108,4.271319999999999,28.176715722008083,1.5158054989807745,Other,Thailand
VNM,2004,9.7225,7.53641060890386,7.75494748709601,4.271319999999999,545.118,2.2744427870477653,Other,Vietnam
ZAF,2004,11.2916666666667,4.55455990721774,-0.692039437857687,4.271319999999999,702.0346666666701,2.4240649905317584,Other,South Africa
ARG,2005,,8.85165992013437,,4.28888,,,Other,Argentina
CHN,2005,5.58,11.458238455067,1.7764140766757,4.28888,129.11200000000002,1.7191887763932197,Other,China
GTM,2005,13.0333333333333,3.27602692588886,9.1086498571922,4.28888,874.44533333333,2.5675101783232077,Other,Guatemala
HKG,2005,6.20833333333333,7.38818981322424,0.826446280991827,4.28888,191.94533333333305,1.825892475597513,Other,Hong Kong
ITA,2005,5.313935,0.762410677306491,1.9852929852798,4.28888,102.50550000000001,1.6703326154223905,Other,Italy
MEX,2005,9.695,2.11324712586392,3.98805714597437,4.28888,540.6120000000001,2.2716102886946152,Other,Mexico
PER,2005,25.5338357716344,6.28506032509601,1.61630193862544,4.28888,2124.49557716344,3.2400044656250824,Other,Peru
PHL,2005,10.1849166666667,4.94250511877678,6.51685393258433,4.28888,589.60366666667,2.320907867678355,Other,Philippines
ROU,2005,19.6008333333333,4.6681480508487,9.01491283343835,4.28888,1531.19533333333,2.97557208233945,Other,Romania
THA,2005,4.71935005845093,4.18763842884337,4.54036919634535,4.28888,43.047005845093,1.5516710906352849,Other,Thailand
VNM,2005,11.025,7.54724772895918,8.28457243128677,4.28888,673.6120000000001,2.4001654213329098,Other,Vietnam
ZAF,2005,10.625,5.27705197295467,2.06285308223427,4.28888,633.612,2.3632097148104805,Other,South Africa
ARG,2006,,8.04715150043027,,4.795,,,Other,Argentina
CHN,2006,6.12,12.6746751655235,1.64943099455859,4.795,132.50000000000003,1.8115620965242347,Other,China
GTM,2006,12.7625,5.35139778711536,6.56085282795384,4.795,796.7499999999999,2.546511183490784,Other,Guatemala
HKG,2006,7.91666666666667,7.03267723716037,2.00025160397534,4.795,312.16666666666697,2.068970241812541,Other,Hong Kong
ITA,2006,5.62177916666667,1.79947992234244,2.09084391012754,4.795,82.67791666666699,1.7266481915041492,Other,Italy
MEX,2006,7.51183478062322,4.80501352746852,3.62946762439132,4.795,271.68347806232197,2.0164797476043472,Other,Mexico
PER,2006,23.9333333333333,7.5288990440594,2.00225801248819,4.795,1913.83333333333,3.1752721873860676,Other,Peru
PHL,2006,9.77866666666667,5.31641682136939,5.4852320675105,4.795,498.36666666666696,2.2802031421009157,Other,Philippines
ROU,2006,13.9816666666667,8.02881107599163,6.55851412276983,4.795,918.6666666666699,2.6377469476301507,Other,Romania
THA,2006,6.27380728455047,4.96781089246107,4.63747436011765,4.795,147.880728455047,1.8363833927762383,Other,Thailand
VNM,2006,11.17625,6.97795481056711,7.41801715108463,4.795,638.125,2.413790991067391,Other,Vietnam
ZAF,2006,11.1666666666667,5.60380645895889,3.2439076541923,4.795,637.16666666667,2.412933150162914,Other,South Africa
ARG,2007,,9.00765087504757,,4.634661354581673,,,Other,Argentina
CHN,2007,7.47,14.1499854947127,4.81676767378834,4.634661354581673,283.5338645418327,2.010894999144726,Other,China
GTM,2007,12.8366666666667,6.33771869016203,6.82161753590326,4.634661354581673,820.2005312085028,2.5523056591587103,Other,Guatemala
HKG,2007,7.5625,6.46480843115236,2.03502713369511,4.634661354581673,292.7838645418327,2.0232018233569597,Other,Hong Kong
ITA,2007,6.3347,1.46229205289291,1.82974112202403,4.634661354581673,170.00386454183268,1.8460424566928153,Other,Italy
MEX,2007,7.56083333333333,2.07786393438754,3.96684905458235,4.634661354581673,292.61719787516574,2.022981413393537,Other,Mexico
PER,2007,22.8556480555556,8.5183877690955,1.77998644680372,4.634661354581673,1822.0986700973929,3.129198266470557,Other,Peru
PHL,2007,8.69141666666667,6.51929155018938,2.90000000000003,4.634661354581673,405.67553120849976,2.162335948621933,Other,Philippines
ROU,2007,13.3483333333333,7.23380774362805,4.83732928313989,4.634661354581673,871.3671978751627,2.5913915331075335,Other,Romania
THA,2007,6.04656836196979,5.43515169050809,2.24154095286803,4.634661354581673,141.1907007388117,1.7994908982191034,Other,Thailand
VNM,2007,11.18,7.12950448605439,8.34444889773837,4.634661354581673,654.5338645418327,2.414126467726953,Other,Vietnam
ZAF,2007,13.1666666666667,5.36047405394162,6.17781214809388,4.634661354581673,853.2005312085026,2.577688383238969,Other,South Africa
ARG,2008,,4.05723310346406,,3.6642629482071714,,,Other,Argentina
CHN,2008,5.31,9.67024588602851,5.92525137041091,3.6642629482071714,164.57370517928283,1.6695918352538475,Other,China
GTM,2008,13.3916666666667,3.29352400028485,11.355761126315,3.6642629482071714,972.7403718459527,2.5946326229554693,Other,Guatemala
HKG,2008,5.3125,2.1279154483889,4.30315484104921,3.6642629482071714,164.82370517928285,1.6700625342505353,Other,Hong Kong
ITA,2008,6.83731,-1.02313851177097,3.34783258401022,3.6642629482071714,317.3047051792829,1.9223943794278213,Other,Italy
MEX,2008,8.70576785663225,0.943331863036903,5.12498274575896,3.6642629482071714,504.1504908425078,2.1639857780183633,Other,Mexico
PER,2008,23.6734449024808,9.1265683014642,5.78587598206755,3.6642629482071714,2000.918195427363,3.1643539516974895,Other,Peru
PHL,2008,8.75108333333334,4.34448730509183,8.26044703595725,3.6642629482071714,508.68203851261694,2.1691775022295667,Other,Philippines
ROU,2008,14.9883333333333,9.30746717077338,7.85080255714482,3.6642629482071714,1132.4070385126126,2.707272120698367,Other,Romania
THA,2008,5.82188819286142,1.72569884866334,5.46848949649845,3.6642629482071714,215.76252446542483,1.7616246408898726,Other,Thailand
VNM,2008,15.7835714285714,5.66177120891362,23.1154483474477,3.6642629482071714,1211.930848036423,2.758969616081753,Other,Vietnam
ZAF,2008,15.125,3.1910438863288,9.90998456005467,3.6642629482071714,1146.073705179283,2.716349003916905,Other,South Africa
ARG,2009,,-5.91852507634947,,3.2641199999999997,,,Other,Argentina
CHN,2009,5.31,9.40269972778044,-0.728165250932898,3.2641199999999997,204.588,1.6695918352538475,Other,China
GTM,2009,13.8491666666667,0.476898106596394,1.85910254733028,3.2641199999999997,1058.5046666666701,2.628225062351434,Other,Guatemala
HKG,2009,5.0,-2.45915292608368,0.579441418472608,3.2641199999999997,173.58800000000002,1.6094379124341003,Other,Hong Kong
ITA,2009,4.75666666666667,-5.30515401233991,0.774768131387381,3.2641199999999997,149.25466666666708,1.5595471428206362,Other,Italy
MEX,2009,7.065,-6.29525055780502,5.29735584228856,3.2641199999999997,380.0880000000001,1.9551530161364907,Other,Mexico
PER,2009,21.0419233333333,1.0958236592427,2.936231535967,3.2641199999999997,1777.7803333333302,3.0465167968728193,Other,Peru
PHL,2009,8.56616666666667,1.44832306275669,4.21903052064628,3.2641199999999997,530.204666666667,2.147820335770963,Other,Philippines
ROU,2009,17.275,-5.51670615843011,5.58742004264393,3.2641199999999997,1401.0879999999997,2.8492603696537335,Other,Romania
THA,2009,4.77599754065056,-0.690618232300579,-0.845716092316721,3.2641199999999997,151.18775406505605,1.563602861151006,Other,Thailand
VNM,2009,10.069,5.39789754014181,6.71698269988629,3.2641199999999997,680.488,2.309461396933478,Other,Vietnam
ZAF,2009,11.7083333333333,-1.53808913525583,7.23809523809527,3.2641199999999997,844.42133333333,2.4603008389857974,Other,South Africa
ARG,2010,10.5575,10.1253981561002,,3.2150597609561755,734.2440239043824,2.3568365078259617,Other,Argentina
CHN,2010,5.81,10.5962719761682,3.17532475269199,3.2150597609561755,259.4940239043824,1.7595805708638197,Other,China
GTM,2010,13.3416666666667,2.88417542800377,3.8595090983316,3.2150597609561755,1012.6606905710524,2.5908919702146713,Other,Guatemala
HKG,2010,5.0,6.76768834119794,2.29289088604673,3.2150597609561755,178.49402390438246,1.6094379124341003,Other,Hong Kong
ITA,2010,4.03166666666667,1.52910573247101,1.52551602118248,3.2150597609561755,81.66069057104943,1.3941798553938816,Other,Italy
MEX,2010,5.28083333333333,4.9713345832195,4.15672722680174,3.2150597609561755,206.57735723771546,1.6640839135474248,Other,Mexico
PER,2010,18.9768683333333,8.33245910749577,1.52832059732901,3.2150597609561755,1576.1808572377124,2.9432207813243068,Other,Peru
PHL,2010,7.67266666666667,7.33449996034538,3.78983634797591,3.2150597609561755,445.76069057104945,2.03766422987819,Other,Philippines
ROU,2010,14.0725,-3.90581157302972,6.09141668601891,3.2150597609561755,1085.7440239043826,2.6442225383560447,Other,Romania
THA,2010,4.33403991889774,7.51339053261624,3.24758842443723,3.2150597609561755,111.89801579415644,1.4665001137080533,Other,Thailand
VNM,2010,13.13525,6.42324482239482,9.20746648778413,3.2150597609561755,992.0190239043823,2.575299456074,Other,Vietnam
ZAF,2010,9.83333333333333,3.03973288127956,4.06749555950263,3.2150597609561755,661.8273572377154,2.2857779746776643,Other,South Africa
ARG,2011,14.0875,6.00395169280579,,2.78164,1130.586,2.645287879365895,Other,Argentina
CHN,2011,6.56,9.4613358870736,5.55389892257493,2.78164,377.83599999999996,1.8809906029559975,Other,China
GTM,2011,13.43,4.16390688293349,6.214123930671,2.78164,1064.836,2.5974910105351463,Other,Guatemala
HKG,2011,5.0,4.81470669259771,5.3052489299392,2.78164,221.836,1.6094379124341003,Other,Hong Kong
ITA,2011,4.59916666666667,0.695463154440176,2.78063272879323,2.78164,181.75266666666698,1.5258751276634104,Other,Italy
MEX,2011,4.91083333333333,3.44404505794418,3.40737824605742,2.78164,212.91933333333301,1.591443649061821,Other,Mexico
PER,2011,18.677925,6.32719240161117,3.36931095333853,2.78164,1589.6284999999998,2.9273423452602545,Other,Peru
PHL,2011,6.66325,3.85823282795663,4.7184170471842,2.78164,388.161,1.8966073535128685,Other,Philippines
ROU,2011,12.1275,4.49558909946313,5.7892532881588,2.78164,934.586,2.4954756011372345,Other,Romania
THA,2011,5.06756761337228,0.840132083053334,3.80879058139634,2.78164,228.59276133722796,1.6228609418050375,Other,Thailand
VNM,2011,16.9538333333333,6.41316889681683,18.6777322770707,2.78164,1417.21933333333,2.830493963616088,Other,Vietnam
ZAF,2011,9.0,3.16855627858818,5.0008533879502,2.78164,621.836,2.1972245773362196,Other,South Africa
ARG,2012,14.0608333333333,-1.0264204544321,,1.8034400000000002,1225.73933333333,2.6433931544222435,Other,Argentina
CHN,2012,6.0,7.85617427055587,2.6195243264554,1.8034400000000002,419.656,1.791759469228055,Other,China
GTM,2012,13.4866666666667,2.97470856847661,3.78180754679678,1.8034400000000002,1168.32266666667,2.601701543071492,Other,Guatemala
HKG,2012,5.0,1.70030613669923,4.05390950903844,1.8034400000000002,319.656,1.6094379124341003,Other,Hong Kong
ITA,2012,5.2225,-3.12523877282996,3.04136333226775,1.8034400000000002,341.906,1.6529762144485838,Other,Italy
MEX,2012,4.68083333333333,3.55321075993527,4.11150981070289,1.8034400000000002,287.7393333333329,1.5434761567563402,Other,Mexico
PER,2012,19.2369083333333,6.13972470560435,3.61121294940163,1.8034400000000002,1743.34683333333,2.9568307427899225,Other,Peru
PHL,2012,5.6795,6.89695171050985,3.02696391124796,1.8034400000000002,387.606,1.7368632006893392,Other,Philippines
ROU,2012,11.3291666666667,1.90361696799603,3.33492267693442,1.8034400000000002,952.5726666666699,2.427380521290482,Other,Romania
THA,2012,5.18731410654716,7.24279620249642,3.01489950334985,1.8034400000000002,338.387410654716,1.646216050032257,Other,Thailand
VNM,2012,13.4716666666667,5.5045447041189,9.09470339557192,1.8034400000000002,1166.8226666666699,2.6005887145177002,Other,Vietnam
ZAF,2012,8.75,2.39623238465745,5.73797139141739,1.8034400000000002,694.656,2.169053700369523,Other,South Africa
ARG,2013,17.1491666666666,2.40532378079436,,2.35016,1479.90066666666,2.8419495815664533,Other,Argentina
CHN,2013,6.0,7.77872409446717,2.62105001748114,2.35016,364.98400000000004,1.791759469228055,Other,China
GTM,2013,13.5975,3.69481894978053,4.34337131279521,2.35016,1124.7340000000002,2.6098859523149787,Other,Guatemala
HKG,2013,5.0,3.10152391561608,4.33799342105267,2.35016,264.98400000000004,1.6094379124341003,Other,Hong Kong
ITA,2013,5.14416666666667,-1.81802510749792,1.21999342274306,2.35016,279.400666666667,1.6378633866178047,Other,Italy
MEX,2013,4.27083333333333,0.852101559410627,3.80639069747204,2.35016,192.06733333333307,1.4518089682305166,Other,Mexico
PER,2013,18.13925,5.85251821084928,2.76789666082002,2.35016,1578.909,2.898078098738543,Other,Peru
PHL,2013,5.76683333333333,6.75053130142255,2.58268766141795,2.35016,341.66733333333303,1.7521231141520799,Other,Philippines
ROU,2013,10.5225,0.278771877470234,3.9847123554813,2.35016,817.2340000000002,2.353515821662589,Other,Romania
THA,2013,5.06043360051236,2.68749556320556,2.18488618530687,2.35016,271.027360051236,1.6214521714289032,Other,Thailand
VNM,2013,10.3741666666667,5.55351081026072,6.59267475899192,2.35016,802.4006666666701,2.3393187416056973,Other,Vietnam
ZAF,2013,8.5,2.48546800826588,5.78016910069176,2.35016,614.984,2.1400661634962708,Other,South Africa
ARG,2014,24.0091666666666,-2.51261532081394,,2.53956,2146.96066666666,3.1784357018701757,Other,Argentina
CHN,2014,5.6,7.46190028229434,1.9216416278852,2.53956,306.044,1.7227665977411035,Other,China
GTM,2014,13.7733333333333,4.44397783368888,3.4183616966296,2.53956,1123.37733333333,2.622734355583326,Other,Guatemala
HKG,2014,5.0,2.76242639191302,4.42364532019699,2.53956,246.044,1.6094379124341003,Other,Hong Kong
ITA,2014,4.86666666666667,-0.00138761730454462,0.241047429826756,2.53956,232.710666666667,1.5824092400461818,Other,Italy
MEX,2014,3.55166666666667,2.50376350288664,4.01861608078679,2.53956,101.21066666666701,1.2674169768824717,Other,Mexico
PER,2014,15.7433166666667,2.38215737180541,3.41194579807465,2.53956,1320.37566666667,2.7564159365901943,Other,Peru
PHL,2014,5.52591666666666,6.34798748260867,3.59782343864211,2.53956,298.63566666666605,1.7094491461607093,Other,Philippines
ROU,2014,8.46583333333333,4.11600109267832,1.06830987684298,2.53956,592.6273333333331,2.136038455315453,Other,Romania
THA,2014,4.94915214812624,0.984468863619426,1.8951418189878,2.53956,240.959214812624,1.599216278703135,Other,Thailand
VNM,2014,8.665,6.42224312118567,4.08455446637617,2.53956,612.544,2.159291923167569,Other,Vietnam
ZAF,2014,9.125,1.41382645223793,6.13282953059149,2.53956,658.544,2.211017899468555,Other,South Africa
ARG,2015,24.9158333333333,2.73115982828944,,2.1382868525896415,2277.754648074366,3.215503478227341,Other,Argentina
CHN,2015,4.35,6.97878002657477,1.43702380935654,2.1382868525896415,221.17131474103581,1.4701758451005926,Other,China
GTM,2015,13.2275,4.09217081621244,2.3887203283955,2.1382868525896415,1108.9213147410358,2.5822979957961496,Other,Guatemala
HKG,2015,5.0,2.38777942738729,2.99084819322581,2.1382868525896415,286.17131474103587,1.6094379124341003,Other,Hong Kong
ITA,2015,4.12925,0.885667635240807,0.0387903996579733,2.1382868525896415,199.09631474103583,1.4180957924190627,Other,Italy
MEX,2015,3.43916666666667,2.70232342550646,2.72064064964023,2.1382868525896415,130.08798140770287,1.2352291939764912,Other,Mexico
PER,2015,16.1058277777778,3.25224477218451,3.39809194746308,2.1382868525896415,1396.754092518816,2.779181180268734,Other,Peru
PHL,2015,5.57825,6.34830971672761,0.674192536845408,2.1382868525896415,343.9963147410358,1.7188751071324755,Other,Philippines
ROU,2015,6.7675,3.1570360543854,-0.594156437495203,2.1382868525896415,462.92131474103587,1.9121317425063191,Other,Romania
THA,2015,4.73187498877014,3.13404724911635,-0.900424963291569,2.1382868525896415,259.35881361804985,1.554321527502197,Other,Thailand
VNM,2015,7.1175,6.98715430598611,0.631200905175754,2.1382868525896415,497.9213147410358,1.9625565401700555,Other,Vietnam
ZAF,2015,9.41666666666667,1.32186223678229,4.51869094892506,2.1382868525896415,727.8379814077028,2.2424811689243405,Other,South Africa
ARG,2016,31.2325,-2.08032784377811,,1.83744,2939.5060000000003,3.441459219323847,Other,Argentina
CHN,2016,4.35,6.77555562837017,2.00000182191943,1.83744,251.25599999999997,1.4701758451005926,Other,China
GTM,2016,13.1016666666667,2.67780277623314,4.44844199942827,1.83744,1126.42266666667,2.5727394485776127,Other,Guatemala
HKG,2016,5.0,2.17542886502997,2.40930743862224,1.83744,316.25600000000003,1.6094379124341003,Other,Hong Kong
ITA,2016,3.49616666666667,1.23622108511661,-0.09401665691575,1.83744,165.872666666667,1.2516671301885984,Other,Italy
MEX,2016,4.75416666666667,1.77249323845399,2.8217078474766,1.83744,291.672666666667,1.559021426520085,Other,Mexico
PER,2016,16.4662,3.95331871520767,3.55717663556279,1.83744,1462.876,2.801309795043208,Other,Peru
PHL,2016,5.642,7.14945675000752,1.25369880080982,1.83744,380.456,1.7302386125798046,Other,Philippines
ROU,2016,5.70916666666667,2.85993252302089,-1.54479666813897,1.83744,387.172666666667,1.742073070226808,Other,Romania
THA,2016,4.46834552349908,3.43515771692182,0.188149704448143,1.83744,263.09055234990797,1.4970182111397201,Other,Thailand
VNM,2016,6.96,6.69000892660424,2.66824816969082,1.83744,512.256,1.9401794743463283,Other,Vietnam
ZAF,2016,10.4583333333333,0.664552307858116,6.60290842394872,1.83744,862.0893333333299,2.347399108783835,Other,South Africa
ARG,2017,26.5808333333333,2.81850297775918,,2.32948,2425.13533333333,3.280190404687292,Other,Argentina
CHN,2017,4.35,6.8912663621211,1.59313600071435,2.32948,202.05199999999994,1.4701758451005926,Other,China
GTM,2017,13.0541666666667,3.07985126948702,4.42453655182546,2.32948,1072.4686666666698,2.569107367610203,Other,Guatemala
HKG,2017,5.0,3.79611114629799,1.49387243939522,2.32948,267.05199999999996,1.6094379124341003,Other,Hong Kong
ITA,2017,3.00083333333333,1.60369995294101,1.22653316645812,2.32948,67.13533333333297,1.0988900278727824,Other,Italy
MEX,2017,7.3325,1.87172853327193,6.04145724018986,2.32948,500.3019999999999,1.992316521869469,Other,Mexico
PER,2017,16.7874916666667,2.51883544233135,2.99490045809443,2.32948,1445.80116666667,2.8206340654481425,Other,Peru
PHL,2017,5.62725,6.9309883258402,2.85318772590947,2.32948,329.777,1.7276208681118108,Other,Philippines
ROU,2017,5.56451674276812,8.19547826641261,1.3390212110439,2.32948,323.503674276812,1.716410142280823,Other,Romania
THA,2017,4.41658283333333,4.1776810321001,0.665631893135106,2.32948,208.71028333333302,1.4853662824519014,Other,Thailand
VNM,2017,7.0675,6.94019037359206,3.52025688811617,2.32948,473.80199999999996,1.9555068105856084,Other,Vietnam
ZAF,2017,10.375,1.15794695181735,5.18618655524149,2.32948,804.552,2.339399066116762,Other,South Africa
ARG,2018,48.5166666666666,-2.61739646282038,34.2772237131003,2.9112449799196787,4560.542168674692,3.881907381523521,Other,Argentina
CHN,2018,4.35,6.75671800166833,2.07479039965576,2.9112449799196787,143.8755020080321,1.4701758451005926,Other,China
GTM,2018,12.9233333333333,3.40687348346576,3.75186186704508,2.9112449799196787,1001.208835341362,2.5590344630147257,Other,Guatemala
HKG,2018,5.04166666666667,2.84695146463069,2.40613432046534,2.9112449799196787,213.0421686746991,1.617736715248796,Other,Hong Kong
ITA,2018,2.68,0.826646712344115,1.13748763600391,2.9112449799196787,-23.12449799196785,0.9858167945227654,Other,Italy
MEX,2018,8.04,1.97208209405635,4.89935015356551,2.9112449799196787,512.8755020080321,2.0844290831908747,Other,Mexico
PER,2018,14.539125,3.969351341365,1.50915423024742,2.9112449799196787,1162.7880020080322,2.6768432914774993,Other,Peru
PHL,2018,6.1185,6.34148557153473,5.30934661627707,2.9112449799196787,320.72550200803215,1.8113169684435857,Other,Philippines
ROU,2018,6.80820228932061,5.39452228185675,4.62548443137779,2.9112449799196787,389.6957309400931,1.9181281043021114,Other,Romania
THA,2018,4.14666666666666,4.22287028746071,1.06389754183024,2.9112449799196787,123.54216867469816,1.4223047986429223,Other,Thailand
VNM,2018,7.371875,7.46500685572751,3.53962805942641,2.9112449799196787,446.06300200803213,1.9976720836139028,Other,Vietnam
ZAF,2018,10.0833333333333,1.55678384721676,4.50987264867388,2.9112449799196787,717.2088353413621,2.3108838958087374,Other,South Africa
ARG,2019,67.2541666666666,-2.00086100285785,53.5483043492339,2.1414,6511.27666666666,4.208478974431287,Other,Argentina
CHN,2019,4.35,6.06850235053705,2.89923416358226,2.1414,220.85999999999996,1.4701758451005926,Other,China
GTM,2019,12.7408333333333,4.01789785040324,3.69998398008605,2.1414,1059.9433333333302,2.5448120587845193,Other,Guatemala
HKG,2019,5.10416666666667,-1.6724459934221,2.88320853773996,2.1414,296.276666666667,1.6300571996368367,Other,Hong Kong
ITA,2019,2.6025,0.429162533780342,0.611246943765304,2.1414,46.11000000000001,0.9564725215069869,Other,Italy
MEX,2019,8.42916666666667,-0.392690505066824,3.63596142127046,2.1414,628.7766666666671,2.1316979138257546,Other,Mexico
PER,2019,14.38545,2.24063176875049,2.25212191358027,2.1414,1224.4050000000002,2.6662172791002483,Other,Peru
PHL,2019,7.09583333333333,6.11852566221303,2.39206534422404,2.1414,495.443333333333,1.9595077573206965,Other,Philippines
ROU,2019,7.16166666666667,3.96028958497598,3.82785432599438,2.1414,502.026666666667,1.9687427285588492,Other,Romania
THA,2019,4.08416666666666,2.11455779628278,0.706728601314311,2.1414,194.27666666666602,1.4071177091334544,Other,Thailand
VNM,2019,7.7075,7.35926270105006,2.7958236745225,2.1414,556.61,2.0421938807781683,Other,Vietnam
ZAF,2019,10.125,0.25993557687633,4.10285075461156,2.1414,798.36,2.315007612992603,Other,South Africa
ARG,2020,29.3875,-9.9004848136464,42.0150947376509,0.889203187250996,2849.8296812749004,3.380569413866188,Other,Argentina
CHN,2020,4.35,2.34018843078414,2.41942189457782,0.889203187250996,346.07968127490034,1.4701758451005926,Other,China
GTM,2020,12.5258333333333,-1.78555175063326,3.21444062197345,0.889203187250996,1163.6630146082305,2.5277931783571317,Other,Guatemala
HKG,2020,5.0,-6.54480412699255,0.2509620210808,0.889203187250996,411.0796812749004,1.6094379124341003,Other,Hong Kong
ITA,2020,2.32833333333333,-8.86822122185345,-0.13770757391651,0.889203187250996,143.9130146082334,0.845152704040814,Other,Italy
MEX,2020,6.34166666666667,-8.35403458167995,3.39683415570006,0.889203187250996,545.2463479415674,1.8471416150796405,Other,Mexico
PER,2020,12.9383333333333,-10.9333065010382,2.00241205759292,0.889203187250996,1204.9130146082305,2.5601944811895314,Other,Peru
PHL,2020,,-9.51829474045297,2.3931623931624,0.889203187250996,,,Other,Philippines
ROU,2020,6.48640122828969,-3.59802546034757,2.63107311184743,0.889203187250996,559.7198041038694,1.869707866639378,Other,Romania
THA,2020,3.2925,-6.05003846851622,-0.845937147357041,0.889203187250996,240.32968127490042,1.1916471546352991,Other,Thailand
VNM,2020,7.6475,2.86541320912272,3.22093436652514,0.889203187250996,675.8296812749004,2.0343787970429217,Other,Vietnam
ZAF,2020,7.70833333333333,-6.1689177146757,3.23238831615113,0.889203187250996,681.9130146082334,2.0423019947303787,Other,South Africa
ARG,2021,35.5583333333333,10.4418119882506,48.4093786255199,1.4468525896414344,3411.1480743691864,3.571174540405953,Other,Argentina
CHN,2021,4.35,8.57008513166322,0.981015135544881,1.4468525896414344,290.31474103585657,1.4701758451005926,Other,China
GTM,2021,12.1875,8.04170378184928,4.26105127422813,1.4468525896414344,1074.0647410358565,2.5004108363239657,Other,Guatemala
HKG,2021,5.0,6.45444409087024,1.56875834445922,1.4468525896414344,355.31474103585657,1.6094379124341003,Other,Hong Kong
ITA,2021,2.02591666666667,8.93106210800055,1.87378325762481,1.4468525896414344,57.90640770252355,0.7060222730292516,Other,Italy
MEX,2021,4.89166666666667,6.0484834621255,5.68920847683753,1.4468525896414344,344.4814077025236,1.5875330770460512,Other,Mexico
PER,2021,10.9795083333333,13.3626240903125,4.27166381536798,1.4468525896414344,953.2655743691865,2.396030656693857,Other,Peru
PHL,2021,,5.71473313185116,3.92718022100332,1.4468525896414344,,,Other,Philippines
ROU,2021,5.61349905718721,5.58735072538869,5.05232876096582,1.4468525896414344,416.6646467545776,1.7251742429621466,Other,Romania
THA,2021,3.06,1.55216608426647,1.23039541318384,1.4468525896414344,161.31474103585657,1.1184149159642893,Other,Thailand
VNM,2021,7.811,2.55372852648131,1.83471554810444,1.4468525896414344,636.4147410358565,2.0555329966281604,Other,Vietnam
ZAF,2021,7.04166666666667,4.85864865060148,4.61874544887136,1.4468525896414344,559.4814077025236,1.9518448845751282,Other,South Africa
ARG,2022,52.3991666666666,6.02074537534855,72.430757531824,2.9505622489959835,4944.860441767061,3.9588906878926484,Other,Argentina
CHN,2022,4.35,3.1341888719577,1.9735755573905,2.9505622489959835,139.9437751004016,1.4701758451005926,Other,China
GTM,2022,11.9233333333333,4.18451817243695,6.88512823344287,2.9505622489959835,897.2771084337318,2.478497264602814,Other,Guatemala
HKG,2022,5.10416666666667,-3.68378414495199,1.88136707196853,2.9505622489959835,215.3604417670686,1.6300571996368367,Other,Hong Kong
ITA,2022,2.264455,4.82117669913565,8.20128991161718,2.9505622489959835,-68.61072489959837,0.8173341118802722,Other,Italy
MEX,2022,8.17916666666667,3.70975709163623,7.8962761916855,2.9505622489959835,522.8604417670687,2.1015902709344703,Other,Mexico
PER,2022,12.5972583333333,2.8090335533015,8.33370630096231,2.9505622489959835,964.6696084337318,2.533479197688134,Other,Peru
PHL,2022,,7.58098212785563,5.82115811213955,2.9505622489959835,,,Other,Philippines
ROU,2022,7.75709430926468,4.18771305104109,13.7954887432521,2.9505622489959835,480.65320602686967,2.0486078193908255,Other,Romania
THA,2022,3.13833333333333,2.58037874709827,-1.61068030486688,2.9505622489959835,18.777108433734657,1.143691873441005,Other,Thailand
VNM,2022,8.01333333333333,8.53750046755788,3.15650749963129,2.9505622489959835,506.27710843373467,2.0811068209988965,Other,Vietnam
ZAF,2022,8.79166666666667,2.05813661692193,7.03987272546482,2.9505622489959835,584.1104417670687,2.1738043031281213,Other,South Africa
ARG,2023,95.8941666666666,-1.85578803046339,133.488935594175,3.959,9193.516666666661,4.563245152788731,Other,Argentina
CHN,2023,4.35,5.41484330099675,0.23483682889305,3.959,39.09999999999996,1.4701758451005926,Other,China
GTM,2023,11.9616666666667,3.5331575177533,6.20657592272126,3.959,800.2666666666701,2.481707092213928,Other,Guatemala
HKG,2023,5.77083333333333,3.2238599613664,2.09660511249089,3.959,181.18333333333302,1.7528164952794472,Other,Hong Kong
ITA,2023,4.89248125,0.975694840127005,5.62219442195901,3.959,93.34812500000002,1.5876995878842253,Other,Italy
MEX,2023,11.5916666666667,3.35354140652768,5.52796087314389,3.959,763.2666666666701,2.4502864491414,Other,Mexico
PER,2023,,-0.403242151494268,6.45561348369586,3.959,,,Other,Peru
PHL,2023,,5.51894967862863,5.97802515541409,3.959,,,Other,Philippines
ROU,2023,9.32096121452692,2.25773416555121,10.3971874764996,3.959,536.196121452692,2.2322657579853846,Other,Romania
THA,2023,4.28583333333333,2.01775095328327,8.47805174421543,3.959,32.683333333332996,1.4553150099988237,Other,Thailand
VNM,2023,9.323,5.06502391455075,3.25289282667662,3.959,536.4000000000001,2.2324844653145566,Other,Vietnam
ZAF,2023,11.5,0.80610455095804,6.0752438457966,3.959,754.1,2.4423470353692043,Other,South Africa
