economy,country,year,rgdpna,rkna,emp,hc,ctfp,rtfpna,labsh,pop
BRA,Brazil,1998,1918100.875,0.5792610049247742,62.611366271972656,1.969403862953186,0.7547860145568848,1.2099294662475586,0.5472792983055115,169.78525
BRA,Brazil,1999,1922974.125,0.5954564213752747,65.88960266113281,2.006927251815796,0.6932846903800964,1.1624380350112915,0.5451173782348633,172.31867499999998
BRA,Brazil,2000,2005781.25,0.6126861572265625,68.13045501708984,2.045165777206421,0.6682460904121399,1.1550345420837402,0.537806510925293,174.79034
BRA,Brazil,2001,2032119.375,0.6299818754196167,68.45639038085938,2.0859029293060303,0.6522585153579712,1.1433740854263306,0.5451472401618958,177.196054
BRA,Brazil,2002,2086134.875,0.6425157189369202,71.25364685058594,2.1274518966674805,0.6292266249656677,1.1294742822647095,0.5330697894096375,179.53752
BRA,Brazil,2003,2110055.0,0.6536231637001038,72.30458068847656,2.169828176498413,0.6026086211204529,1.1152403354644775,0.5295776128768921,181.809246
BRA,Brazil,2004,2228845.0,0.6691257357597351,76.1592788696289,2.2130486965179443,0.5951642394065857,1.1244763135910034,0.5252270698547363,184.00648099999998
BRA,Brazil,2005,2300215.5,0.6852092742919922,78.41477966308594,2.2571301460266113,0.5924561023712158,1.1248581409454346,0.5354456901550293,186.127103
BRA,Brazil,2006,2391349.75,0.7051524519920349,80.87911987304688,2.2988085746765137,0.606076717376709,1.1252037286758423,0.5404710173606873,188.16735599999998
BRA,Brazil,2007,2536501.5,0.7312651872634888,81.3537826538086,2.3412563800811768,0.6298295855522156,1.1602433919906616,0.541516125202179,190.13044299999999
BRA,Brazil,2008,2665716.0,0.7651934623718262,82.75995635986328,2.384488344192505,0.6401033401489258,1.1726902723312378,0.5496699213981628,192.030362
BRA,Brazil,2009,2662362.0,0.7911502718925476,83.15142822265625,2.428518533706665,0.6077969074249268,1.1417315006256104,0.5624669790267944,193.886508
BRA,Brazil,2010,2862790.75,0.8294206261634827,86.35382843017578,2.4733617305755615,0.6219223737716675,1.1664559841156006,0.5524567365646362,195.71363499999998
BRA,Brazil,2011,2976570.0,0.8693637251853943,88.6289291381836,2.5608959197998047,0.6418208479881287,1.1453182697296143,0.5570166707038879,197.514536
BRA,Brazil,2012,3033755.25,0.905659556388855,89.50627136230469,2.6218743324279785,0.6265639662742615,1.1268965005874634,0.5658205151557922,199.287299
BRA,Brazil,2013,3124914.25,0.944922924041748,91.148193359375,2.684304714202881,0.6181328892707825,1.11786949634552,0.5703140497207642,201.035912
BRA,Brazil,2014,3140662.25,0.9761427640914917,92.83358764648438,2.7482216358184814,0.6005054116249084,1.0862832069396973,0.5681036114692688,202.763739
BRA,Brazil,2015,3029301.75,0.991079568862915,92.44722747802734,2.8136603832244873,0.5591862201690674,1.0349825620651245,0.58119797706604,204.471769
BRA,Brazil,2016,2930064.5,0.9943637847900391,90.62647247314453,2.880657434463501,0.5388879776000977,1.000346302986145,0.5801931023597717,206.163053
BRA,Brazil,2017,2968825.5,1.0,90.50138854980469,2.9492499828338623,0.539283812046051,1.0,0.5779953598976135,207.833823
BRA,Brazil,2018,3007931.5,1.0099714994430542,92.0909423828125,3.0194754600524902,0.5332464575767517,0.9865226149559021,0.5779953598976135,209.469323
BRA,Brazil,2019,3042119.0,1.0217183828353882,93.95682525634766,3.0913732051849365,0.5207929611206055,0.9676050543785095,0.5779953598976135,211.04952699999998
BWA,Botswana,1998,15789.8720703125,0.24923989176750183,0.5544296503067017,2.3731584548950195,0.7824640870094299,1.4331527948379517,0.29423990845680237,1.575824
BWA,Botswana,1999,17316.31640625,0.2696749269962311,0.5832109451293945,2.416654348373413,0.7868022918701172,1.456454873085022,0.30325356125831604,1.610264
BWA,Botswana,2000,17660.513671875,0.2898440957069397,0.6021808385848999,2.460947275161743,0.7819011807441711,1.3901151418685913,0.27796098589897156,1.6433339999999999
BWA,Botswana,2001,17704.771484375,0.31058669090270996,0.6147590279579163,2.494708776473999,0.7284713983535767,1.317400574684143,0.27796098589897156,1.6746779999999999
BWA,Botswana,2002,18779.361328125,0.3337954878807068,0.6147266030311584,2.528933048248291,0.7991988658905029,1.3249523639678955,0.27796098589897156,1.704642
BWA,Botswana,2003,19648.0859375,0.35850396752357483,0.6173466444015503,2.5624353885650635,0.7302619218826294,1.3134340047836304,0.27796098589897156,1.7343979999999999
BWA,Botswana,2004,20179.720703125,0.3796637952327728,0.6113039255142212,2.586050271987915,0.7326945066452026,1.29475998878479,0.27796098589897156,1.7655269999999998
BWA,Botswana,2005,21099.220703125,0.40100327134132385,0.6039825081825256,2.6098830699920654,0.8034289479255676,1.3028960227966309,0.27796098589897156,1.799078
BWA,Botswana,2006,22863.94921875,0.4268949031829834,0.6137842535972595,2.6307475566864014,0.7979490756988525,1.3404396772384644,0.27796098589897156,1.8359079999999999
BWA,Botswana,2007,24756.3671875,0.4615430235862732,0.6725199222564697,2.6517789363861084,0.751121997833252,1.3348054885864258,0.27796098589897156,1.875459
BWA,Botswana,2008,26302.501953125,0.501051664352417,0.710200309753418,2.672978639602661,0.6932606101036072,1.3176441192626953,0.27796098589897156,1.9156389999999999
BWA,Botswana,2009,24289.7421875,0.5443626642227173,0.7370659112930298,2.694347620010376,0.6012903451919556,1.1385453939437866,0.27796098589897156,1.953498
BWA,Botswana,2010,26369.80859375,0.5906370878219604,0.7740967273712158,2.7158873081207275,0.5991328358650208,1.14584481716156,0.27796098589897156,1.987105
BWA,Botswana,2011,27964.759765625,0.643273651599884,0.8187380433082581,2.738507032394409,0.617580235004425,1.1204800605773926,0.27796098589897156,2.015403
BWA,Botswana,2012,29210.916015625,0.706363320350647,0.8266808986663818,2.761630058288574,0.5795701742172241,1.0881397724151611,0.27796098589897156,2.0395559999999997
BWA,Botswana,2013,32524.404296875,0.7647303938865662,0.8438546657562256,2.7852704524993896,0.5875633955001831,1.133836030960083,0.27796098589897156,2.062548
BWA,Botswana,2014,33873.95703125,0.8209589123725891,0.8466454148292542,2.8094422817230225,0.6364710330963135,1.117178201675415,0.27796098589897156,2.088618
BWA,Botswana,2015,33298.7890625,0.8868365287780762,0.848005473613739,2.834160804748535,0.6091467142105103,1.0337727069854736,0.27796098589897156,2.120716
BWA,Botswana,2016,34731.89453125,0.9511356949806213,0.8667611479759216,2.8594412803649902,0.6335934400558472,1.0169202089309692,0.27796098589897156,2.1599269999999997
BWA,Botswana,2017,35740.50390625,1.0,0.8895207047462463,2.8852996826171875,0.6558682918548584,1.0,0.27796098589897156,2.2050799999999997
BWA,Botswana,2018,37341.26171875,1.0571668148040771,0.9139661192893982,2.911752223968506,0.6331726312637329,0.9919101595878601,0.27796098589897156,2.2540679999999997
BWA,Botswana,2019,38448.84765625,1.1215602159500122,0.9215958118438721,2.9388160705566406,0.6350279450416565,0.9753112196922302,0.27796098589897156,2.303697
CHL,Chile,1998,218142.25,0.3259316682815552,5.385845184326172,2.7556447982788086,0.6656919717788696,1.1212762594223022,0.5035523772239685,14.977732999999999
CHL,Chile,1999,216482.5,0.3413187861442566,5.366337776184082,2.7711048126220703,0.6327295899391174,1.092123031616211,0.5162882804870605,15.162799999999999
CHL,Chile,2000,226200.578125,0.35942381620407104,5.536605358123779,2.786651849746704,0.642026960849762,1.0952880382537842,0.49851754307746887,15.342353
CHL,Chile,2001,233839.46875,0.37804073095321655,5.61942720413208,2.8052926063537598,0.6362828612327576,1.0971895456314087,0.4945792555809021,15.516112999999999
CHL,Chile,2002,238946.765625,0.3960050046443939,5.736023902893066,2.8240578174591064,0.6272001266479492,1.078605055809021,0.4934079647064209,15.684408999999999
CHL,Chile,2003,247960.78125,0.41581815481185913,5.895637512207031,2.8429489135742188,0.6244202256202698,1.077376127243042,0.5021911263465881,15.849651999999999
CHL,Chile,2004,265358.03125,0.4403018057346344,6.0120930671691895,2.8619658946990967,0.6683804392814636,1.1058640480041504,0.45680803060531616,16.014971
CHL,Chile,2005,281748.5,0.4742276668548584,6.230428218841553,2.881110429763794,0.7169298529624939,1.1226222515106201,0.4311443567276001,16.182721
CHL,Chile,2006,299546.03125,0.5081992149353027,6.450592517852783,2.900383234024048,0.8069773316383362,1.1247527599334717,0.384863942861557,16.354504
CHL,Chile,2007,314241.78125,0.5462968945503235,6.631198883056641,2.9197845458984375,0.8264303803443909,1.1212127208709717,0.3841315805912018,16.530195
CHL,Chile,2008,325332.90625,0.5928054451942444,6.721412658691406,2.9393157958984375,0.7456201314926147,1.1038848161697388,0.4309290647506714,16.708258
CHL,Chile,2009,320241.84375,0.6262990236282349,6.747425079345703,2.958977460861206,0.7423766255378723,1.0531930923461914,0.4396144151687622,16.886186
CHL,Chile,2010,338959.53125,0.6695168018341064,6.889198303222656,2.9787709712982178,0.785875141620636,1.061851143836975,0.4396144151687622,17.062535999999998
CHL,Chile,2011,359672.5,0.7228689193725586,7.121354579925537,2.996879816055298,0.8222166895866394,1.0661334991455078,0.4396144151687622,17.233576
CHL,Chile,2012,378801.8125,0.781611442565918,7.378933906555176,3.0150983333587646,0.830135703086853,1.0605186223983765,0.4396144151687622,17.400347
CHL,Chile,2013,394124.1875,0.8366978168487549,7.545858383178711,3.0334279537200928,0.8165966868400574,1.0509624481201172,0.4396144151687622,17.571507
CHL,Chile,2014,401087.34375,0.8822145462036133,7.629834175109863,3.0518689155578613,0.8501999378204346,1.036130666732788,0.4396144151687622,17.758959
CHL,Chile,2015,410327.46875,0.9254420399665833,7.760435104370117,3.0704219341278076,0.7878715991973877,1.0220180749893188,0.4396144151687622,17.969352999999998
CHL,Chile,2016,417348.53125,0.9656304121017456,7.844314098358154,3.089087963104248,0.7753402590751648,1.010696530342102,0.4396144151687622,18.209068
CHL,Chile,2017,422309.03125,1.0,7.928067684173584,3.1078670024871826,0.766394317150116,1.0,0.4396144151687622,18.470439
CHL,Chile,2018,438987.34375,1.0384851694107056,7.993834972381592,3.126760721206665,0.7789656519889832,1.014402985572815,0.4396144151687622,18.72916
CHL,Chile,2019,443616.21875,1.0787734985351562,8.100071907043457,3.145768880844116,0.7675393223762512,1.000968098640442,0.4396144151687622,18.952037999999998
GHA,Ghana,1998,49743.59375,,6.959239959716797,2.0791847705841064,,,,18.357156
GHA,Ghana,1999,51946.4921875,,7.103728771209717,2.098862886428833,,,,18.812359
GHA,Ghana,2000,54131.12890625,,7.167224884033203,2.118727445602417,,,,19.278855999999998
GHA,Ghana,2001,56588.1640625,,7.369494915008545,2.1307926177978516,,,,19.756928
GHA,Ghana,2002,59300.80078125,,7.589749336242676,2.1429262161254883,,,,20.246381
GHA,Ghana,2003,62398.765625,,7.81096887588501,2.1551291942596436,,,,20.750299
GHA,Ghana,2004,65738.96875,,8.053987503051758,2.1674015522003174,,,,21.272323
GHA,Ghana,2005,69812.0,,8.40343189239502,2.179743528366089,,,,21.814642
GHA,Ghana,2006,72989.7578125,,8.734329223632812,2.1953988075256348,,,,22.379054999999997
GHA,Ghana,2007,76162.578125,,9.051423072814941,2.2111666202545166,,,,22.963946
GHA,Ghana,2008,83131.0,,9.56351089477539,2.2270474433898926,,,,23.563824999999998
GHA,Ghana,2009,87158.390625,,9.807549476623535,2.243042469024658,,,,24.170939999999998
GHA,Ghana,2010,94043.703125,,10.33951187133789,2.2591521739959717,,,,24.779619
GHA,Ghana,2011,107253.984375,,10.835177421569824,2.287447214126587,,,,25.387712
GHA,Ghana,2012,117221.1953125,,11.067015647888184,2.316096544265747,,,,25.99645
GHA,Ghana,2013,125793.0078125,,11.721487998962402,2.345104694366455,,,,26.607644999999998
GHA,Ghana,2014,129437.78125,,11.566481590270996,2.374476432800293,,,,27.224473
GHA,Ghana,2015,132257.203125,,11.673227310180664,2.4042155742645264,,,,27.849204999999998
GHA,Ghana,2016,136817.15625,,12.145458221435547,2.4343276023864746,,,,28.481945
GHA,Ghana,2017,147958.796875,,12.607953071594238,2.4648165702819824,,,,29.121464999999997
GHA,Ghana,2018,157226.15625,,12.931475639343262,2.495687484741211,,,,29.767101999999998
GHA,Ghana,2019,167411.90625,,13.220724105834961,2.526944875717163,,,,30.417855999999997
IDN,Indonesia,1998,1107235.75,0.3734755516052246,87.76756286621094,2.124236822128296,0.4772484004497528,0.8250222206115723,0.44481533765792847,206.59112199999998
IDN,Indonesia,1999,1115993.625,0.3803720474243164,89.48668670654297,2.1547329425811768,0.4691210389137268,0.8080868124961853,0.44481533765792847,208.61516899999998
IDN,Indonesia,2000,1170903.125,0.3926665782928467,91.54851531982422,2.185666561126709,0.44153204560279846,0.8180630207061768,0.44481533765792847,211.513823
IDN,Indonesia,2001,1213564.625,0.4072370231151581,91.96099853515625,2.2077457904815674,0.4344426095485687,0.8178772330284119,0.4454861879348755,214.427417
IDN,Indonesia,2002,1268168.625,0.422989159822464,93.16806030273438,2.2300479412078857,0.42426496744155884,0.8333601355552673,0.4491589665412903,217.357793
IDN,Indonesia,2003,1328791.75,0.4377042055130005,94.51338958740234,2.252575397491455,0.40174591541290283,0.8424685597419739,0.4540485441684723,220.30946899999998
IDN,Indonesia,2004,1395641.625,0.4593026340007782,95.38381958007812,2.2753305435180664,0.41182124614715576,0.8494091033935547,0.45093733072280884,223.285676
IDN,Indonesia,2005,1475089.5,0.48570534586906433,96.16926574707031,2.2983152866363525,0.42527493834495544,0.8675576448440552,0.4386868178844452,226.28947
IDN,Indonesia,2006,1556233.625,0.5106827616691589,96.86589813232422,2.321532726287842,0.4293791651725769,0.8802919387817383,0.4398828446865082,229.31826199999998
IDN,Indonesia,2007,1654976.75,0.5395439863204956,100.31241607666016,2.344984292984009,0.4194738566875458,0.8826201558113098,0.4466852843761444,232.374245
IDN,Indonesia,2008,1754502.375,0.5761381983757019,103.50788116455078,2.3686728477478027,0.43361538648605347,0.8901753425598145,0.4542015492916107,235.469762
IDN,Indonesia,2009,1835716.0,0.6104745864868164,105.68631744384766,2.3926005363464355,0.4066353738307953,0.8861391544342041,0.4662141501903534,238.62056299999998
IDN,Indonesia,2010,1949968.25,0.6488274335861206,108.15474700927734,2.4167702198028564,0.40595996379852295,0.899094820022583,0.4658448100090027,241.834215
IDN,Indonesia,2011,2070277.0,0.6920444369316101,109.73108673095703,2.4021310806274414,0.4564881920814514,0.9249600768089294,0.4591916799545288,245.115987
IDN,Indonesia,2012,2195115.75,0.7398412227630615,113.28341674804688,2.387580633163452,0.47346481680870056,0.9341666102409363,0.4593733251094818,248.451722
IDN,Indonesia,2013,2317104.0,0.7881818413734436,114.34534454345703,2.3731181621551514,0.47141432762145996,0.9521610140800476,0.46118760108947754,251.805307
IDN,Indonesia,2014,2433113.75,0.8373715281486511,116.39897918701172,2.35874342918396,0.4656573235988617,0.9663341641426086,0.46375057101249695,255.128076
IDN,Indonesia,2015,2551760.25,0.8889528512954712,117.8330078125,2.3444557189941406,0.4473310112953186,0.9772637486457825,0.46375057101249695,258.38325599999996
IDN,Indonesia,2016,2680192.0,0.9427095055580139,119.52983856201172,2.330254554748535,0.4430676996707916,0.9930708408355713,0.46375057101249695,261.556381
IDN,Indonesia,2017,2816072.25,1.0,122.7806396484375,2.3161394596099854,0.44398781657218933,1.0,0.46375057101249695,264.650963
IDN,Indonesia,2018,2961655.0,1.0610411167144775,127.06783294677734,2.302109718322754,0.4532322585582733,1.0055482387542725,0.46375057101249695,267.670543
IDN,Indonesia,2019,3110469.5,1.1296204328536987,131.17068481445312,2.2881650924682617,0.4474089443683624,1.009093999862671,0.46375057101249695,270.625568
IND,India,1998,2407034.0,0.21411822736263275,395.1845703125,1.7183970212936401,0.33201998472213745,0.7652732729911804,0.6108543872833252,1019.483581
IND,India,1999,2619954.25,0.23396886885166168,400.2873229980469,1.7499445676803589,0.3324010968208313,0.7889693379402161,0.602292537689209,1038.058156
IND,India,2000,2720586.5,0.2511044144630432,409.24859619140625,1.7820713520050049,0.32761234045028687,0.7764887809753418,0.5954799652099609,1056.575549
IND,India,2001,2851826.75,0.2732391655445099,419.76202392578125,1.7967816591262817,0.3257661461830139,0.7707542777061462,0.5832549333572388,1075.000085
IND,India,2002,2960309.5,0.2927565276622772,430.7332763671875,1.8116134405136108,0.32699501514434814,0.7613486647605896,0.5583105087280273,1093.3171889999999
IND,India,2003,3193001.25,0.31308478116989136,442.3812255859375,1.8265676498413086,0.3322168290615082,0.7810733318328857,0.5503489971160889,1111.523144
IND,India,2004,3445980.75,0.33864396810531616,454.54498291015625,1.8416452407836914,0.34326592087745667,0.7966672778129578,0.5142386555671692,1129.623456
IND,India,2005,3719020.5,0.37058719992637634,457.6380615234375,1.8568472862243652,0.36963552236557007,0.8159976005554199,0.5009073615074158,1147.609927
IND,India,2006,4018801.0,0.4076441824436188,457.9736633300781,1.8782007694244385,0.38915112614631653,0.8350074291229248,0.48188790678977966,1165.486291
IND,India,2007,4326674.0,0.45283272862434387,459.0289001464844,1.8997995853424072,0.4064489006996155,0.8454570770263672,0.48065128922462463,1183.209472
IND,India,2008,4460225.5,0.495568186044693,460.81292724609375,1.9216468334197998,0.3986629843711853,0.8259232044219971,0.5013304948806763,1200.6697649999999
IND,India,2009,4810883.0,0.5413351655006409,463.6325988769531,1.9437453746795654,0.39067113399505615,0.8444944024085999,0.5107861161231995,1217.726215
IND,India,2010,5219692.0,0.5936337113380432,467.4125061035156,1.9660980701446533,0.41127240657806396,0.8656843304634094,0.5105488300323486,1234.28117
IND,India,2011,5493272.5,0.6519699692726135,472.2144775390625,1.9878915548324585,0.4191390872001648,0.8601872324943542,0.5119836330413818,1250.287943
IND,India,2012,5793006.0,0.7113856673240662,469.8310852050781,2.0099265575408936,0.4380268454551697,0.8662140369415283,0.5114070773124695,1265.780247
IND,India,2013,6162954.0,0.7627214789390564,483.8543395996094,2.032205820083618,0.4217481017112732,0.872219979763031,0.5159932374954224,1280.842125
IND,India,2014,6619643.5,0.8135003447532654,483.0845947265625,2.054732084274292,0.4254571497440338,0.903348445892334,0.5157233476638794,1295.600772
IND,India,2015,7148966.5,0.8700788617134094,482.7004699707031,2.077507972717285,0.43416547775268555,0.9390713572502136,0.5073056221008301,1310.152403
IND,India,2016,7739207.0,0.9321589469909668,482.989013671875,2.100536346435547,0.4405019283294678,0.9766008257865906,0.5175037384033203,1324.517249
IND,India,2017,8284343.0,1.0,487.19097900390625,2.1238200664520264,0.4451795816421509,1.0,0.5218037366867065,1338.6767849999999
IND,India,2018,8791310.0,1.0728684663772583,491.07720947265625,2.1473617553710938,0.4515715539455414,1.0159906148910522,0.5218037366867065,1352.64228
IND,India,2019,9163052.0,1.1359347105026245,497.61572265625,2.1711645126342773,0.44310885667800903,1.017461895942688,0.5218037366867065,1366.4177539999998
KOR,Republic of Korea,1998,881607.6875,0.3680277466773987,20.19291114807129,3.119854211807251,0.5967004299163818,0.773480236530304,0.5187150835990906,46.620691
KOR,Republic of Korea,1999,982701.125,0.3925100564956665,20.578386306762695,3.1558046340942383,0.6611734628677368,0.82149738073349,0.5108062028884888,47.016957
KOR,Republic of Korea,2000,1071742.0,0.4254426658153534,21.441123962402344,3.192169427871704,0.671153724193573,0.8355651497840881,0.506752073764801,47.379241
KOR,Republic of Korea,2001,1123747.25,0.45443370938301086,21.845386505126953,3.218729019165039,0.6652256846427917,0.8388450145721436,0.5106097459793091,47.706224
KOR,Republic of Korea,2002,1210558.25,0.48500150442123413,22.457611083984375,3.245509624481201,0.6882112622261047,0.8655201196670532,0.5056726932525635,47.999547
KOR,Republic of Korea,2003,1248658.125,0.5156870484352112,22.43303871154785,3.272512912750244,0.6805465817451477,0.8703165054321289,0.5120381116867065,48.260897
KOR,Republic of Korea,2004,1313555.625,0.5470863580703735,22.875492095947266,3.29974102973938,0.6768274903297424,0.8828811645507812,0.50962233543396,48.493441
KOR,Republic of Korea,2005,1370150.875,0.5785283446311951,23.075504302978516,3.327195644378662,0.6855692267417908,0.8963833451271057,0.5183563232421875,48.701073
KOR,Republic of Korea,2006,1442280.125,0.6121314167976379,23.399885177612305,3.3548786640167236,0.6796789765357971,0.9088116884231567,0.5230861902236938,48.880451
KOR,Republic of Korea,2007,1525925.75,0.6483378410339355,23.730854034423828,3.3827919960021973,0.6920544505119324,0.93292635679245,0.5193971991539001,49.03481
KOR,Republic of Korea,2008,1571901.75,0.68245929479599,23.836549758911133,3.410937547683716,0.6779746413230896,0.9501596689224243,0.5169674158096313,49.182455999999995
KOR,Republic of Korea,2009,1584362.125,0.7133321166038513,23.706533432006836,3.439317226409912,0.6701754927635193,0.9468255043029785,0.5113298296928406,49.347460999999996
KOR,Republic of Korea,2010,1692175.25,0.7496579885482788,24.02872085571289,3.467933177947998,0.6855635643005371,0.9790623784065247,0.49587032198905945,49.545635999999995
KOR,Republic of Korea,2011,1754543.25,0.7854204177856445,24.452390670776367,3.4984607696533203,0.6713544726371765,0.985048770904541,0.5037407875061035,49.786159
KOR,Republic of Korea,2012,1796696.625,0.8189522624015808,24.885498046875,3.5295772552490234,0.6531071066856384,0.9787276983261108,0.5085257291793823,50.060638999999995
KOR,Republic of Korea,2013,1853556.875,0.8507890701293945,25.257593154907227,3.5612964630126953,0.6146865487098694,0.9814397096633911,0.5114167332649231,50.345717
KOR,Republic of Korea,2014,1912916.125,0.883693516254425,25.826217651367188,3.5936331748962402,0.6128988862037659,0.9857504367828369,0.5181786417961121,50.607907
KOR,Republic of Korea,2015,1966652.0,0.9179964065551758,26.079252243041992,3.6266024112701416,0.6317250728607178,0.9836356043815613,0.5215386152267456,50.823093
KOR,Republic of Korea,2016,2024606.875,0.9548964500427246,26.288166046142578,3.66021990776062,0.6348843574523926,0.9885265827178955,0.5199909806251526,50.983456999999994
KOR,Republic of Korea,2017,2088576.875,1.0,26.55354881286621,3.6945011615753174,0.6340727210044861,1.0,0.5172492861747742,51.096415
KOR,Republic of Korea,2018,2149300.5,1.0402514934539795,26.58141326904297,3.7294631004333496,0.6219330430030823,1.0106995105743408,0.5172492861747742,51.171706
KOR,Republic of Korea,2019,2193132.25,1.0754408836364746,26.798534393310547,3.765122890472412,0.6140710711479187,1.0077602863311768,0.5172492861747742,51.225308
MUS,Mauritius,1998,13215.509765625,0.42110225558280945,0.46080029010772705,2.2328593730926514,1.1752617359161377,0.8745133876800537,0.5125749707221985,1.1652829999999998
MUS,Mauritius,1999,13560.3974609375,0.45224183797836304,0.46405935287475586,2.2581095695495605,1.1734015941619873,0.8575012683868408,0.48705190420150757,1.175574
MUS,Mauritius,2000,14672.7470703125,0.4746823310852051,0.46487200260162354,2.2836453914642334,1.2115250825881958,0.8984687328338623,0.48299092054367065,1.185145
MUS,Mauritius,2001,15163.9716796875,0.498993843793869,0.4702853858470917,2.3022334575653076,1.2244033813476562,0.9011785387992859,0.4748995900154114,1.193917
MUS,Mauritius,2002,15421.296875,0.5208488702774048,0.46870413422584534,2.3209726810455322,1.2640870809555054,0.8978574275970459,0.4665067791938782,1.2018119999999999
MUS,Mauritius,2003,16321.8115234375,0.550050675868988,0.4715389609336853,2.339864492416382,1.2594561576843262,0.920591413974762,0.45995718240737915,1.208994
MUS,Mauritius,2004,17028.587890625,0.5781270861625671,0.47567102313041687,2.358910083770752,1.2447386980056763,0.9279965758323669,0.4545978903770447,1.215677
MUS,Mauritius,2005,17331.404296875,0.6043707728385925,0.4778093993663788,2.378110647201538,1.1818199157714844,0.9170664548873901,0.4439566731452942,1.222003
MUS,Mauritius,2006,18174.630859375,0.6419476270675659,0.48428431153297424,2.397467613220215,1.209256887435913,0.920806884765625,0.43162813782691956,1.228089
MUS,Mauritius,2007,19215.51171875,0.6795196533203125,0.49005961418151855,2.4169821739196777,1.2633605003356934,0.9347053170204163,0.42526301741600037,1.233889
MUS,Mauritius,2008,20250.68359375,0.7137351036071777,0.5075238943099976,2.436655282974243,1.1665695905685425,0.9447799921035767,0.4259181618690491,1.2392619999999999
MUS,Mauritius,2009,20921.98828125,0.7533438801765442,0.5097398161888123,2.456488847732544,1.0746628046035767,0.9498733282089233,0.4265628159046173,1.2439909999999998
MUS,Mauritius,2010,21837.7734375,0.7892963886260986,0.5205148458480835,2.4764835834503174,0.9866665005683899,0.9519137740135193,0.4261361062526703,1.247955
MUS,Mauritius,2011,22728.197265625,0.8256633281707764,0.52115398645401,2.497079372406006,1.0457192659378052,0.959213376045227,0.4261361062526703,1.25108
MUS,Mauritius,2012,23522.80078125,0.8614739179611206,0.5287454128265381,2.5178463459014893,1.0858099460601807,0.9590513110160828,0.4261361062526703,1.253488
MUS,Mauritius,2013,24313.25,0.8951276540756226,0.5467125177383423,2.538785934448242,1.1042400598526,0.9513228535652161,0.4261361062526703,1.255452
MUS,Mauritius,2014,25223.734375,0.923262357711792,0.5547388792037964,2.5598995685577393,1.1323814392089844,0.9588413834571838,0.4261361062526703,1.257355
MUS,Mauritius,2015,26119.947265625,0.9460781216621399,0.5633708834648132,2.5742406845092773,1.136626958847046,0.9676114916801453,0.4261361062526703,1.259456
MUS,Mauritius,2016,27122.41796875,0.9719340205192566,0.5650885105133057,2.588634729385376,1.2436764240264893,0.9864729046821594,0.4261361062526703,1.261865
MUS,Mauritius,2017,28156.85546875,1.0,0.5728681683540344,2.60310959815979,1.259325385093689,1.0,0.4261361062526703,1.264499
MUS,Mauritius,2018,29215.560546875,1.0356858968734741,0.574989914894104,2.6176652908325195,1.24818754196167,1.0102453231811523,0.4261361062526703,1.267185
MUS,Mauritius,2019,30252.94140625,1.077423334121704,0.5828114748001099,2.6323022842407227,1.2769131660461426,1.0166690349578857,0.4261361062526703,1.269668
MYS,Malaysia,1998,289539.0625,0.39180514216423035,8.709565162658691,2.539287805557251,0.4845208525657654,0.8911451697349548,0.30572617053985596,22.114653999999998
MYS,Malaysia,1999,307309.84375,0.3980809450149536,8.944147109985352,2.5665884017944336,0.4941158890724182,0.9249768257141113,0.30572617053985596,22.661298
MYS,Malaysia,2000,334534.03125,0.41638150811195374,9.375031471252441,2.5873124599456787,0.5451169013977051,0.9598484039306641,0.30572617053985596,23.194257
MYS,Malaysia,2001,336265.8125,0.43292105197906494,9.460223197937012,2.61509108543396,0.522316038608551,0.9333701133728027,0.30572617053985596,23.709118999999998
MYS,Malaysia,2002,354393.875,0.4506700336933136,9.648386001586914,2.6431682109832764,0.5344604849815369,0.9443706274032593,0.30572617053985596,24.208391
MYS,Malaysia,2003,374907.9375,0.47031185030937195,9.990324020385742,2.671546697616577,0.5391319394111633,0.9576829075813293,0.30572617053985596,24.698819
MYS,Malaysia,2004,400339.59375,0.49162256717681885,10.096057891845703,2.7002296447753906,0.5703599452972412,0.9857889413833618,0.30572617053985596,25.190652
MYS,Malaysia,2005,421686.25,0.5173754096031189,10.138338088989258,2.7292208671569824,0.5975067019462585,0.9913352131843567,0.30572617053985596,25.690611
MYS,Malaysia,2006,445236.8125,0.5434636473655701,10.4064302444458,2.759387731552124,0.5991683006286621,1.0026190280914307,0.30572617053985596,26.201960999999997
MYS,Malaysia,2007,473281.34375,0.573439359664917,10.682456970214844,2.789888381958008,0.6325200796127319,1.018607497215271,0.31861838698387146,26.72037
MYS,Malaysia,2008,496149.1875,0.6012371182441711,10.813543319702148,2.820725917816162,0.6713804006576538,1.0307044982910156,0.3458540439605713,27.236006
MYS,Malaysia,2009,488639.8125,0.6262153387069702,11.045295715332031,2.8519046306610107,0.6146381497383118,0.9767593741416931,0.3602770268917084,27.735039999999998
MYS,Malaysia,2010,524920.5625,0.6588178277015686,12.039651870727539,2.883427619934082,0.6067422032356262,0.9835825562477112,0.3539735972881317,28.208035
MYS,Malaysia,2011,552709.4375,0.6932234764099121,12.489845275878906,2.9044888019561768,0.6524139046669006,0.9869822859764099,0.3565271198749542,28.650959
MYS,Malaysia,2012,582961.6875,0.7401657700538635,12.983949661254883,2.925703763961792,0.6696439385414124,0.9853273034095764,0.36741411685943604,29.068189
MYS,Malaysia,2013,610324.3125,0.7909104824066162,13.62067699432373,2.9470736980438232,0.662976086139679,0.9750331044197083,0.37487149238586426,29.468923
MYS,Malaysia,2014,646984.8125,0.842147171497345,13.872319221496582,2.968599557876587,0.6382401585578918,0.9826905131340027,0.37912246584892273,29.866602999999998
MYS,Malaysia,2015,679926.25,0.8929373025894165,14.060624122619629,2.9902830123901367,0.6133228540420532,0.990292489528656,0.3959816098213196,30.270961999999997
MYS,Malaysia,2016,710181.5,0.9442177414894104,14.129375457763672,3.01212477684021,0.6065638661384583,0.9914287328720093,0.3959816098213196,30.684654
MYS,Malaysia,2017,751462.375,1.0,14.459714889526367,3.034125804901123,0.6000469326972961,1.0,0.3959816098213196,31.104646
MYS,Malaysia,2018,787306.75,1.0540846586227417,14.813860893249512,3.0562877655029297,0.5958720445632935,1.0023208856582642,0.3959816098213196,31.528032999999997
MYS,Malaysia,2019,821182.8125,1.1031380891799927,15.11832332611084,3.078611373901367,0.5966285467147827,1.006052017211914,0.3959816098213196,31.949776999999997
NGA,Nigeria,1998,336023.28125,0.7393105626106262,37.01296615600586,1.4086467027664185,0.11523004621267319,0.6578277945518494,0.6170444488525391,116.31975899999999
NGA,Nigeria,1999,337986.09375,0.7504267692565918,38.52140808105469,1.4338116645812988,0.15208211541175842,0.6349986791610718,0.5777825117111206,119.26006299999999
NGA,Nigeria,2000,354939.25,0.765699028968811,38.33585739135742,1.4594264030456543,0.176815003156662,0.655471920967102,0.5187469720840454,122.28385
NGA,Nigeria,2001,375943.4375,0.7810049653053284,38.504844665527344,1.488318920135498,0.1917797178030014,0.6835803985595703,0.6491013765335083,125.39404599999999
NGA,Nigeria,2002,433572.34375,0.801853597164154,39.48112487792969,1.517783522605896,0.20802141726016998,0.763370156288147,0.6641602516174316,128.59607599999998
NGA,Nigeria,2003,465427.8125,0.8418165445327759,39.62859344482422,1.547831416130066,0.20847660303115845,0.7975635528564453,0.5995681881904602,131.900631
NGA,Nigeria,2004,508482.4375,0.8532099723815918,42.4535026550293,1.5784741640090942,0.3064422309398651,0.8169084787368774,0.7752673029899597,135.320422
NGA,Nigeria,2005,541221.1875,0.8549014925956726,43.61194610595703,1.6097235679626465,0.3717002868652344,0.8414226174354553,0.654974102973938,138.865016
NGA,Nigeria,2006,574016.125,0.8867931365966797,44.976253509521484,1.6415916681289673,0.5555347204208374,0.8510025143623352,0.9029887318611145,142.538308
NGA,Nigeria,2007,611850.25,0.8911259174346924,46.43199157714844,1.6740905046463013,0.37656867504119873,0.8710148930549622,0.6577786207199097,146.339977
NGA,Nigeria,2008,653238.6875,0.8968580365180969,47.792423248291016,1.70723295211792,0.3723908066749573,0.9072410464286804,0.5323901772499084,150.269623
NGA,Nigeria,2009,705739.0,0.9139143228530884,49.02712631225586,1.7331268787384033,0.38036757707595825,0.9616221189498901,0.5745732188224792,154.324933
NGA,Nigeria,2010,762238.0,0.9307014346122742,52.21933364868164,1.7589256763458252,0.40747541189193726,0.9856719374656677,0.5022705793380737,158.503197
NGA,Nigeria,2011,802697.0,0.9367507696151733,54.43796157836914,1.781640648841858,0.4325224757194519,1.0041172504425049,0.4930476248264313,162.80507699999998
NGA,Nigeria,2012,836651.625,0.9422001838684082,55.83194351196289,1.804648995399475,0.47375234961509705,1.0234774351119995,0.4959718585014343,167.228794
NGA,Nigeria,2013,892467.4375,0.9499236345291138,57.574588775634766,1.8279544115066528,0.5208486318588257,1.0625406503677368,0.48533040285110474,171.765816
NGA,Nigeria,2014,948779.625,0.9656273126602173,59.33369827270508,1.8515608310699463,0.5585679411888123,1.0954029560089111,0.47651606798171997,176.404934
NGA,Nigeria,2015,973947.8125,0.9806366562843323,60.398624420166016,1.875472068786621,0.5837112665176392,1.0958764553070068,0.4681556820869446,181.13744799999998
NGA,Nigeria,2016,958200.4375,0.9919465780258179,63.81144332885742,1.899692177772522,0.5743433833122253,1.0391077995300293,0.46524184942245483,185.960241
NGA,Nigeria,2017,966005.375,1.0,69.09001159667969,1.924225091934204,0.5475896596908569,1.0,0.46524184942245483,190.873244
NGA,Nigeria,2018,984634.9375,1.0178344249725342,71.11517333984375,1.949074625968933,0.5571718811988831,0.9874307513237,0.46524184942245483,195.874683
NGA,Nigeria,2019,1006236.5625,1.0478229522705078,73.02055358886719,1.9742451906204224,0.5279436111450195,0.9779598712921143,0.46524184942245483,200.963599
RWA,Rwanda,1998,5984.3857421875,0.16102899610996246,3.0811104774475098,1.3342019319534302,0.2573898434638977,0.6717442870140076,0.7410100698471069,6.962802
RWA,Rwanda,1999,6649.45751953125,0.16779211163520813,3.238332748413086,1.3451316356658936,0.25494691729545593,0.7068502902984619,0.7410100698471069,7.501233999999999
RWA,Rwanda,2000,7206.5302734375,0.1775469183921814,3.3393115997314453,1.3561508655548096,0.25980353355407715,0.7324693202972412,0.7410100698471069,7.933681
RWA,Rwanda,2001,7818.3447265625,0.18640053272247314,3.3755946159362793,1.3756282329559326,0.27484771609306335,0.7768839597702026,0.7410100698471069,8.231156
RWA,Rwanda,2002,8848.76953125,0.19699972867965698,3.3648929595947266,1.3953853845596313,0.30997931957244873,0.8656550645828247,0.7410100698471069,8.427059999999999
RWA,Rwanda,2003,9045.193359375,0.2090560495853424,3.509902238845825,1.4154261350631714,0.293272465467453,0.8411374688148499,0.7410100698471069,8.557160999999999
RWA,Rwanda,2004,9718.189453125,0.22237743437290192,3.671999216079712,1.4357548952102661,0.29932597279548645,0.8515380024909973,0.7410100698471069,8.680524
RWA,Rwanda,2005,10629.4716796875,0.24046272039413452,3.8547017574310303,1.4563755989074707,0.30577006936073303,0.8721123933792114,0.7410100698471069,8.840214999999999
RWA,Rwanda,2006,11608.3740234375,0.2641008794307709,3.9688379764556885,1.4831138849258423,0.3174664080142975,0.8973864912986755,0.7410100698471069,9.043337
RWA,Rwanda,2007,12497.115234375,0.29980430006980896,4.088148593902588,1.5103431940078735,0.310477077960968,0.9028872847557068,0.7410100698471069,9.273757
RWA,Rwanda,2008,13891.4072265625,0.3545321822166443,4.213140487670898,1.5380722284317017,0.29667073488235474,0.9349964261054993,0.7410100698471069,9.524534
RWA,Rwanda,2009,14757.6083984375,0.4068603515625,4.344372272491455,1.5663105249404907,0.29174041748046875,0.9391034841537476,0.7410100698471069,9.78277
RWA,Rwanda,2010,15839.5537109375,0.45908647775650024,4.4824652671813965,1.5950671434402466,0.2934664785861969,0.939164400100708,0.7410100698471069,10.039337999999999
RWA,Rwanda,2011,17101.82421875,0.5113725662231445,4.324392318725586,1.6283968687057495,0.31270918250083923,0.9930639266967773,0.7410100698471069,10.293331
RWA,Rwanda,2012,18579.83984375,0.5824869871139526,4.1829938888549805,1.663946270942688,0.3240644633769989,1.051284670829773,0.7410100698471069,10.549673
RWA,Rwanda,2013,19455.69921875,0.6538378000259399,4.292614936828613,1.7018989324569702,0.31423383951187134,1.028256893157959,0.7410100698471069,10.811537999999999
RWA,Rwanda,2014,20656.787109375,0.7210050821304321,4.412511348724365,1.7341963052749634,0.3247194290161133,1.026010513305664,0.7410100698471069,11.08363
RWA,Rwanda,2015,22485.79296875,0.8067816495895386,4.544748306274414,1.7666441202163696,0.3387279510498047,1.041696548461914,0.7410100698471069,11.369071
RWA,Rwanda,2016,23828.5625,0.9088290333747864,4.691752910614014,1.8011772632598877,0.324548602104187,1.0319446325302124,0.7410100698471069,11.668827
RWA,Rwanda,2017,24775.263671875,1.0,4.8983588218688965,1.8379607200622559,0.3168085813522339,1.0,0.7410100698471069,11.980960999999999
RWA,Rwanda,2018,26900.515625,1.09304940700531,5.16152286529541,1.8771754503250122,0.31520479917526245,1.0002373456954956,0.7410100698471069,12.301969999999999
RWA,Rwanda,2019,29437.9375,1.2459360361099243,5.274786949157715,1.9190202951431274,0.3110167682170868,1.0283608436584473,0.7410100698471069,12.626949999999999
SEN,Senegal,1998,21212.705078125,0.3977840542793274,3.07546067237854,1.2859567403793335,0.5071364045143127,1.0359678268432617,0.48660239577293396,9.347774
SEN,Senegal,1999,23572.3125,0.4153413474559784,3.156292200088501,1.2991191148757935,0.5357283353805542,1.1057122945785522,0.48660239577293396,9.568722
SEN,Senegal,2000,23280.765625,0.4296626150608063,3.2292752265930176,1.3124161958694458,0.5181418061256409,1.0550963878631592,0.48660239577293396,9.797734
SEN,Senegal,2001,24347.23828125,0.4462047219276428,3.290477991104126,1.3258949518203735,0.5379930734634399,1.0730904340744019,0.48660239577293396,10.036104
SEN,Senegal,2002,24506.6640625,0.46256792545318604,3.3764655590057373,1.3395121097564697,0.5349772572517395,1.0466591119766235,0.48660239577293396,10.283699
SEN,Senegal,2003,26141.46484375,0.47665220499038696,3.470571517944336,1.353269100189209,0.5282227396965027,1.0840686559677124,0.48660239577293396,10.541466999999999
SEN,Senegal,2004,27679.384765625,0.4933905005455017,3.5869624614715576,1.367167353630066,0.5232733488082886,1.1046195030212402,0.48660239577293396,10.810082999999999
SEN,Senegal,2005,29235.6875,0.5127564668655396,3.679543972015381,1.3812084197998047,0.5440460443496704,1.1249619722366333,0.48660239577293396,11.090116
SEN,Senegal,2006,29955.345703125,0.5378378033638,3.8078629970550537,1.3953936100006104,0.5251125693321228,1.1005442142486572,0.48660239577293396,11.382268
SEN,Senegal,2007,31434.685546875,0.5666407942771912,3.98514461517334,1.409724473953247,0.5283149480819702,1.0947328805923462,0.48660239577293396,11.68708
SEN,Senegal,2008,32592.275390625,0.6008740663528442,4.077276706695557,1.424202561378479,0.5050094723701477,1.0897810459136963,0.48660239577293396,12.004700999999999
SEN,Senegal,2009,33382.04296875,0.6309367418289185,4.185214519500732,1.4388293027877808,0.5167267322540283,1.0806021690368652,0.48660239577293396,12.335084
SEN,Senegal,2010,34777.19921875,0.6620326638221741,4.325661659240723,1.453606367111206,0.4994359314441681,1.0735065937042236,0.48660239577293396,12.678148
SEN,Senegal,2011,35389.66796875,0.6974203586578369,4.522159099578857,1.4709677696228027,0.4819837212562561,1.0319929122924805,0.48660239577293396,13.033809
SEN,Senegal,2012,36807.38671875,0.7293364405632019,4.69648551940918,1.4885365962982178,0.487517774105072,1.023339033126831,0.48660239577293396,13.401992
SEN,Senegal,2013,38227.55859375,0.7736321687698364,4.914011001586914,1.5063152313232422,0.4783616364002228,1.0012723207473755,0.48660239577293396,13.782423999999999
SEN,Senegal,2014,39785.40234375,0.8181842565536499,5.12934684753418,1.5243061780929565,0.4741159975528717,0.9843562245368958,0.48660239577293396,14.174738999999999
SEN,Senegal,2015,42318.46875,0.8663282990455627,5.3183698654174805,1.542512059211731,0.4770311117172241,0.9900304079055786,0.4928131401538849,14.578458999999999
SEN,Senegal,2016,45014.09375,0.9254797101020813,5.539356231689453,1.560935378074646,0.48674634099006653,0.9931676387786865,0.48120298981666565,14.993519
SEN,Senegal,2017,48342.31640625,1.0,5.769776821136475,1.5795786380767822,0.4723040461540222,1.0,0.4965516924858093,15.419355
SEN,Senegal,2018,51418.24609375,1.0791375637054443,5.9550957679748535,1.5984447002410889,0.4622774124145508,0.9985315203666687,0.48617884516716003,15.854322999999999
SEN,Senegal,2019,54101.0078125,1.1650086641311646,6.142953872680664,1.6175360679626465,0.45513030886650085,0.9917806386947632,0.48617884516716003,16.296364
SGP,Singapore,1998,170746.0625,0.34150800108909607,1.9298241138458252,2.6070761680603027,0.7964898943901062,1.0256043672561646,0.4619777202606201,3.8607139999999998
SGP,Singapore,1999,180519.578125,0.3666224181652069,1.9752329587936401,2.6636855602264404,0.7545371055603027,1.0183217525482178,0.4557953476905823,3.9547429999999997
SGP,Singapore,2000,196837.015625,0.39571413397789,2.0846548080444336,2.721524238586426,0.9124432802200317,1.02593994140625,0.4575924277305603,4.028871
SGP,Singapore,2001,194732.796875,0.4207461178302765,2.1330718994140625,2.7076094150543213,0.8258942365646362,0.9781985282897949,0.489348441362381,4.077145
SGP,Singapore,2002,202355.828125,0.4400002062320709,2.1982626914978027,2.693765878677368,0.8298907279968262,0.9828740358352661,0.47307565808296204,4.104419
SGP,Singapore,2003,211534.25,0.4563562572002411,2.186929225921631,2.679993152618408,0.7429221272468567,1.0116691589355469,0.4644978940486908,4.129225
SGP,Singapore,2004,232306.03125,0.47760385274887085,2.259111166000366,2.666290521621704,0.7817760705947876,1.0767065286636353,0.42625194787979126,4.177213
SGP,Singapore,2005,249401.515625,0.4996475577354431,2.3732168674468994,2.652658462524414,0.867169201374054,1.1053727865219116,0.42181241512298584,4.265687
SGP,Singapore,2006,271860.46875,0.5255423784255981,2.547529697418213,2.7296035289764404,0.9664225578308105,1.123814582824707,0.41980013251304626,4.402331
SGP,Singapore,2007,296388.09375,0.5572763085365295,2.7970197200775146,2.8087809085845947,0.9681457281112671,1.1291805505752563,0.4237561821937561,4.5786299999999995
SGP,Singapore,2008,301925.34375,0.5925921201705933,2.952399730682373,2.8902547359466553,0.7763670682907104,1.073173999786377,0.44755733013153076,4.775804
SGP,Singapore,2009,302290.625,0.6259308457374573,2.9917919635772705,2.9740920066833496,0.7823179364204407,1.0301735401153564,0.45744580030441284,4.966614
SGP,Singapore,2010,346200.28125,0.6673972010612488,3.1083149909973145,3.060360908508301,0.8621118664741516,1.0980141162872314,0.439468115568161,5.131171999999999
SGP,Singapore,2011,368142.0,0.7091206312179565,3.2304420471191406,3.161694288253784,0.8300490379333496,1.102213740348816,0.439468115568161,5.263636
SGP,Singapore,2012,384567.0625,0.7539322972297668,3.359426736831665,3.271183729171753,0.8078073859214783,1.0758343935012817,0.439468115568161,5.369476
SGP,Singapore,2013,403169.71875,0.8015763759613037,3.4967143535614014,3.3896632194519043,0.7507438659667969,1.0561832189559937,0.439468115568161,5.453736999999999
SGP,Singapore,2014,419046.53125,0.8506382703781128,3.6226089000701904,3.5180726051330566,0.7616791129112244,1.0359671115875244,0.439468115568161,5.525626
SGP,Singapore,2015,431569.84375,0.8974538445472717,3.655489921569824,3.657472848892212,0.7623752355575562,1.0191670656204224,0.439468115568161,5.592152
SGP,Singapore,2016,445567.6875,0.9460588693618774,3.672650098800659,3.8090639114379883,0.7650092244148254,1.0035514831542969,0.439468115568161,5.653633999999999
SGP,Singapore,2017,464890.21875,1.0,3.6692850589752197,3.974208116531372,0.7773794531822205,1.0,0.439468115568161,5.708041
SGP,Singapore,2018,480873.625,1.043179988861084,3.714766263961792,4.154453754425049,0.746727705001831,0.9904259443283081,0.439468115568161,5.757499
SGP,Singapore,2019,484399.90625,1.082009196281433,3.75960373878479,4.351568222045898,0.7090666890144348,0.9483579993247986,0.439468115568161,5.804336999999999
ZMB,Zambia,1998,17317.18359375,0.44951480627059937,2.7055954933166504,2.0798087120056152,0.16132336854934692,0.723128080368042,0.4457208812236786,9.866475999999999
ZMB,Zambia,1999,18122.447265625,0.45389997959136963,2.78127121925354,2.073127031326294,0.1642744392156601,0.7441766262054443,0.4457208812236786,10.140561
ZMB,Zambia,2000,18828.76953125,0.4629316031932831,2.839808464050293,2.0664665699005127,0.20662376284599304,0.7581577897071838,0.4457208812236786,10.415944
ZMB,Zambia,2001,19829.849609375,0.47842687368392944,2.894549608230591,2.0850298404693604,0.22307351231575012,0.7782897353172302,0.4457208812236786,10.692193
ZMB,Zambia,2002,20723.3671875,0.4957324266433716,2.93740177154541,2.103759527206421,0.23970597982406616,0.7924327850341797,0.4457208812236786,10.971698
ZMB,Zambia,2003,22162.62109375,0.5188726186752319,2.992327928543091,2.1226577758789062,0.2648147642612457,0.8194630146026611,0.4457208812236786,11.256743
ZMB,Zambia,2004,23721.185546875,0.536319375038147,3.052206039428711,2.141725540161133,0.27125510573387146,0.850470781326294,0.4457208812236786,11.550642
ZMB,Zambia,2005,25437.5546875,0.5522683262825012,3.147036552429199,2.1609647274017334,0.29423344135284424,0.8821907639503479,0.4457208812236786,11.856247
ZMB,Zambia,2006,27448.060546875,0.5701353549957275,3.257664680480957,2.1730613708496094,0.29846277832984924,0.918606162071228,0.4457208812236786,12.173513999999999
ZMB,Zambia,2007,29740.642578125,0.5908018350601196,3.377915859222412,2.18522572517395,0.35416486859321594,0.9582051038742065,0.4457208812236786,12.502958
ZMB,Zambia,2008,32052.650390625,0.6163627505302429,3.502967357635498,2.197458028793335,0.3292404115200043,0.9950662851333618,0.4457208812236786,12.84853
ZMB,Zambia,2009,35008.015625,0.6372275352478027,3.5933384895324707,2.209758996963501,0.31930220127105713,1.0623009204864502,0.4457208812236786,13.215138999999999
ZMB,Zambia,2010,38613.22265625,0.6494982242584229,3.704169988632202,2.2221286296844482,0.30348891019821167,1.139064073562622,0.4457208812236786,13.605984
ZMB,Zambia,2011,40762.0625,0.6799136400222778,3.863421678543091,2.2754411697387695,0.31272873282432556,1.136220932006836,0.4009774625301361,14.023202999999999
ZMB,Zambia,2012,43858.953125,0.7070046067237854,4.054626941680908,2.3300323486328125,0.302161306142807,1.1589339971542358,0.44242212176322937,14.46515
ZMB,Zambia,2013,46077.66015625,0.7426228523254395,4.278459548950195,2.3859336376190186,0.30810481309890747,1.1440061330795288,0.3923841118812561,14.926544
ZMB,Zambia,2014,48239.5703125,0.7964842319488525,4.449193000793457,2.443176031112671,0.30467870831489563,1.1184192895889282,0.3985762596130371,15.399788
ZMB,Zambia,2015,49650.38671875,0.8768938779830933,4.597733974456787,2.501791477203369,0.2963608205318451,1.0586025714874268,0.35282450914382935,15.879361
ZMB,Zambia,2016,51514.00390625,0.931158721446991,4.800021648406982,2.5612146854400635,0.29641714692115784,1.0326685905456543,0.34085947275161743,16.363457999999998
ZMB,Zambia,2017,53331.15234375,1.0,5.009030342102051,2.6024248600006104,0.2949220538139343,1.0,0.28362613916397095,16.853599
ZMB,Zambia,2018,55482.79296875,1.0608744621276855,5.0329909324646,2.6442980766296387,0.26936987042427063,0.9913316369056702,0.39030054211616516,17.351708
ZMB,Zambia,2019,56282.2734375,1.1177119016647339,5.225447654724121,2.686845064163208,0.26140594482421875,0.9559661149978638,0.39030054211616516,17.86103
ZWE,Zimbabwe,1998,24614.42578125,0.6432594656944275,5.012618541717529,2.039987564086914,0.6583014726638794,0.8890295624732971,0.5333811044692993,11.747072
ZWE,Zimbabwe,1999,23729.0,0.6465600728988647,4.968815803527832,2.0543394088745117,0.6122515201568604,0.8552811145782471,0.5333811044692993,11.822719
ZWE,Zimbabwe,2000,21790.65234375,0.6828305125236511,5.06589412689209,2.0687923431396484,0.45682281255722046,0.754206657409668,0.5333811044692993,11.881477
ZWE,Zimbabwe,2001,21748.474609375,0.7136597037315369,5.1440749168396,2.1051790714263916,0.5049485564231873,0.7291052341461182,0.5333811044692993,11.923914
ZWE,Zimbabwe,2002,20456.798828125,0.7262158393859863,5.218606472015381,2.1422061920166016,0.42802757024765015,0.6721389293670654,0.5333811044692993,11.95429
ZWE,Zimbabwe,2003,18930.34765625,0.7533193826675415,5.304143905639648,2.179884195327759,0.28991392254829407,0.6033796072006226,0.5333811044692993,11.982223999999999
ZWE,Zimbabwe,2004,18240.802734375,0.7331862449645996,5.402244567871094,2.2182250022888184,0.2714065909385681,0.5778987407684326,0.5333811044692993,12.019912
ZWE,Zimbabwe,2005,17499.669921875,0.7009546756744385,5.448280334472656,2.2572402954101562,0.2343006581068039,0.5588164329528809,0.5333811044692993,12.076699
ZWE,Zimbabwe,2006,16865.478515625,0.6729315519332886,5.504239559173584,2.279855489730835,0.1807507872581482,0.5429826378822327,0.5333811044692993,12.155491
ZWE,Zimbabwe,2007,16314.435546875,0.6586950421333313,5.554226875305176,2.30269718170166,0.2091469019651413,0.5253871083259583,0.5333811044692993,12.255922
ZWE,Zimbabwe,2008,15540.8837890625,0.6376306414604187,5.624590873718262,2.325767993927002,0.1712407022714615,0.5050893425941467,0.5333811044692993,12.379548999999999
ZWE,Zimbabwe,2009,24792.759765625,0.6626524329185486,5.681128978729248,2.349069595336914,0.3059892952442169,0.7919862866401672,0.5333811044692993,12.526968
ZWE,Zimbabwe,2010,29670.818359375,0.72870272397995,5.753274440765381,2.3726048469543457,0.3187411427497864,0.8940843343734741,0.5333811044692993,12.697723
ZWE,Zimbabwe,2011,33882.265625,0.7787229418754578,5.85659122467041,2.415822744369507,0.3386462330818176,0.9681563377380371,0.5333811044692993,12.894321999999999
ZWE,Zimbabwe,2012,39528.890625,0.8371214270591736,5.983072280883789,2.4598278999328613,0.41678038239479065,1.0686699151992798,0.5333811044692993,13.11515
ZWE,Zimbabwe,2013,40315.31640625,0.8638606667518616,6.124176979064941,2.5046348571777344,0.4201589822769165,1.0488051176071167,0.5333811044692993,13.350373
ZWE,Zimbabwe,2014,41273.58203125,0.8976472616195679,6.265931129455566,2.550257682800293,0.4218434691429138,1.0301085710525513,0.5333811044692993,13.586706999999999
ZWE,Zimbabwe,2015,42008.19921875,0.9332708120346069,6.393751621246338,2.58465313911438,0.41430678963661194,1.0077050924301147,0.5333811044692993,13.814629
ZWE,Zimbabwe,2016,42325.7265625,0.9662500619888306,6.504373550415039,2.616257429122925,0.41319915652275085,0.9844803810119629,0.5333811044692993,14.030330999999999
ZWE,Zimbabwe,2017,44316.7421875,1.0,6.6117730140686035,2.6482479572296143,0.43167534470558167,1.0,0.5333811044692993,14.236595
ZWE,Zimbabwe,2018,46457.09765625,1.032789945602417,6.714951992034912,2.6806297302246094,0.4080018103122711,1.0141600370407104,0.5333811044692993,14.438801999999999
ZWE,Zimbabwe,2019,42694.0703125,1.055221438407898,6.831016540527344,2.713407516479492,0.3745235204696655,0.9109768867492676,0.5333811044692993,14.645468
